"0000772b-773d-4cf8-8baf-0e1e6dbf55e8.htseq.counts.gz",
"003d640d-3bfc-4791-b241-4a3206d49468.htseq.counts.gz",
"00587432-3004-4d4b-9dc2-8c90c81f7640.htseq.counts.gz",
"0094a627-a55f-48dc-bbc3-ea66035e514a.htseq.counts.gz",
"009ff7e3-8bd3-4683-adf5-7b68a0859f35.htseq.counts.gz",
"00a47e69-ef6a-4be9-827d-d48609859a7e.htseq.counts.gz",
"00b24800-9f29-47e9-99c9-eba03186adf4.htseq.counts.gz",
"01a1c77a-3f93-4561-a079-c771ac054f56.htseq.counts.gz",
"01cdf894-fd1d-42c0-866b-10c68cde7c54.htseq.counts.gz",
"020fd3f7-63fb-4995-b96d-6c18bf292e14.htseq.counts.gz",
"0211f2ea-a4f6-4a57-8f98-66bf0a327479.htseq.counts.gz",
"022a665e-1ed2-4e37-a6cd-911ccdb1dfcf.htseq.counts.gz",
"02759563-fa2b-4d96-ab78-dd7fee7513d4.htseq.counts.gz",
"02939ecf-77d0-49fc-a04b-8fd5334b44da.htseq.counts.gz",
"02e47d87-c6c8-4051-a2e6-f65ab814591b.htseq.counts.gz",
"0320d3aa-0b8c-4bda-854a-eed5a2d48eda.htseq.counts.gz",
"03419112-80e3-4f01-a952-1492008a7451.htseq.counts.gz",
"036e2fc1-c001-40d5-98c4-28bd121b9554.htseq.counts.gz",
"03895e36-d4e0-4849-a0f1-26550373338d.htseq.counts.gz",
"03bf1372-9f5e-4af4-9cc1-cad158836156.htseq.counts.gz",
"03d7d46d-fc0b-41ad-9086-414355a432af.htseq.counts.gz",
"0404b823-fd3c-47dd-9861-0f9f01a02d2e.htseq.counts.gz",
"04268bf5-f4de-4c02-bd76-a64ac21b6136.htseq.counts.gz",
"043440ba-20d0-47b1-8589-8b89769e5cf1.htseq.counts.gz",
"04c61105-b954-48fe-bfea-3018dd304295.htseq.counts.gz",
"04c6e85b-a520-402d-b3e7-cc569f9565d8.htseq.counts.gz",
"053e76fc-4063-4039-9bac-bfbe73929d0e.htseq.counts.gz",
"05862db6-8464-4336-9e34-e9b5ee863829.htseq.counts.gz",
"05c907d7-e28f-4f9d-9df3-64ee7b3a8c8e.htseq.counts.gz",
"0632152a-63d4-422f-a105-de29b83e3523.htseq.counts.gz",
"067b54e1-ade4-4607-9dac-af223e2eaf9d.htseq.counts.gz",
"06a8ba43-c1e0-4de1-9073-4b16c95245ca.htseq.counts.gz",
"0733fd68-9cd5-440a-a849-fb14ef76c00d.htseq.counts.gz",
"07858399-2ec0-4d01-b197-b362873e56a8.htseq.counts.gz",
"0786b089-8ed6-452e-b160-145e495f6862.htseq.counts.gz",
"07a95816-646a-4eac-9f44-5ff0d5a3532c.htseq.counts.gz",
"07ad35fc-1e35-43b3-a252-193323d5e680.htseq.counts.gz",
"07b7d5d5-916e-4744-8366-9dbba5ee32bb.htseq.counts.gz",
"07d9b7c5-d77b-4b89-8c65-10e98149bdeb.htseq.counts.gz",
"082418be-42c4-4717-95f4-755ed21d4366.htseq.counts.gz",
"0826fcd7-749e-4788-a81d-f506b9caf7ff.htseq.counts.gz",
"0827bd64-de4e-45bc-9e75-a9bdce41f4a5.htseq.counts.gz",
"086a6348-e87d-44bf-96f3-71a42af960ff.htseq.counts.gz",
"087227b4-113f-4319-964c-ff20c789038f.htseq.counts.gz",
"08be86a0-bf15-4e7a-8ffd-1848ab648f9e.htseq.counts.gz",
"09469727-dd69-43ea-b577-6941f597d6d9.htseq.counts.gz",
"0978e2a7-73fc-4389-9e63-3d6fd42832e8.htseq.counts.gz",
"0a219d18-db73-46e1-a9c9-3565cec06451.htseq.counts.gz",
"0a265069-f238-42fe-a1bc-51967ac44f82.htseq.counts.gz",
"0a2c1866-d6e1-4add-bcb0-b297ba1394ac.htseq.counts.gz",
"0a3fb653-84e8-426a-999a-8dc8127dfd6d.htseq.counts.gz",
"0abe1897-c3a9-47e5-8a59-e5a2232b23db.htseq.counts.gz",
"0b11d3f4-aa05-425b-ba4d-34bd9990f3e6.htseq.counts.gz",
"0b27a4e5-3e45-42e7-a965-3e7eb02c037c.htseq.counts.gz",
"0b5a79f8-be5b-4b72-b5e9-a764a70b2b38.htseq.counts.gz",
"0b6603e7-a619-40d0-8af8-ddc7d30ffd7e.htseq.counts.gz",
"0c05d8f9-d045-4189-95b8-04d221600a83.htseq.counts.gz",
"0c2cf133-50aa-44c9-b4a8-5d17ac2f54f4.htseq.counts.gz",
"0c7d119e-22c0-47ed-b736-3404ab2c7065.htseq.counts.gz",
"0ca5cc29-f48e-4533-a732-877e7bd2e73a.htseq.counts.gz",
"0ca8f6dd-6ffc-416c-8f06-5dee152618a9.htseq.counts.gz",
"0cad7bff-30bd-4c4a-accf-876422f3cb6a.htseq.counts.gz",
"0cae8943-749f-4314-aad0-b7f33e78c6e1.htseq.counts.gz",
"0cb461ea-1a40-4f29-97d8-9337a74bc6c7.htseq.counts.gz",
"0d604955-ce10-4fa9-ba8b-9417c5719653.htseq.counts.gz",
"0d6bb28b-f5d1-4847-9aa9-bd58af1a7198.htseq.counts.gz",
"0d6f8d7e-2709-41be-a986-163c3763724d.htseq.counts.gz",
"0d82c41a-3bc8-4c71-a97d-90217b1af358.htseq.counts.gz",
"0dd6e77a-a4e0-46bd-a382-64eb35bca67d.htseq.counts.gz",
"0e397288-82e4-48c7-9332-2ce733befdae.htseq.counts.gz",
"0e3c0131-7ad3-425d-ade3-a75296581f43.htseq.counts.gz",
"0f5282f4-e702-41f2-b93f-a1966203879f.htseq.counts.gz",
"0f8ed930-950b-4bae-a02d-e598b74bd82b.htseq.counts.gz",
"0fa42346-ce4a-4f63-832f-e347145b8c72.htseq.counts.gz",
"100b82ea-7970-43e2-acc5-edd72dffeb5a.htseq.counts.gz",
"103f15cb-936b-4859-a8d5-5cda17ffabcb.htseq.counts.gz",
"110de223-52e1-43b6-8c69-399a0af8b174.htseq.counts.gz",
"1119c89a-a4db-4962-8578-997bf19b7b23.htseq.counts.gz",
"111d998f-4133-436a-9990-64cb293a986e.htseq.counts.gz",
"112c740e-8830-4ed0-99cd-eadd91276f63.htseq.counts.gz",
"11b92965-3650-4f3e-a6da-65728487d7ab.htseq.counts.gz",
"11f80365-b1a5-401d-840b-18e08c5052ba.htseq.counts.gz",
"1287d36a-6a27-4e4e-a2f7-51727ac3cc0e.htseq.counts.gz",
"1294d2f0-3a01-45b8-9e18-f5da4fbe8223.htseq.counts.gz",
"12ae6516-f6b0-4b4f-adee-e9f98f814a06.htseq.counts.gz",
"12b1e149-ee9a-4cff-9706-d1da57e659c7.htseq.counts.gz",
"130c9498-fa87-4c5b-82b7-60fa417c56d2.htseq.counts.gz",
"1324ee08-213e-44c7-b28a-849d091ce308.htseq.counts.gz",
"133909c8-05bc-41ea-97aa-44eb699da75f.htseq.counts.gz",
"133a3327-f686-4061-b6a3-edcc9085264e.htseq.counts.gz",
"1349107b-b18e-406e-a07b-5662b8eaa2c5.htseq.counts.gz",
"1414d172-710a-4fb6-af82-f8b0c923b259.htseq.counts.gz",
"141d81ab-3493-4e25-b9ee-17a905f68b23.htseq.counts.gz",
"148d950b-4202-4f3f-be15-84735cd08a48.htseq.counts.gz",
"14c53db9-bd7b-4edc-afca-80f4c492e982.htseq.counts.gz",
"14def78d-b065-4d11-9c28-9970f9e065df.htseq.counts.gz",
"157d34d0-1e1b-4004-9141-34bfe201788c.htseq.counts.gz",
"15ea8c4e-2ee1-4aa4-89e5-6876e4b80381.htseq.counts.gz",
"15f84276-f2b1-42fe-af09-229a77b9ba1a.htseq.counts.gz",
"15f8a6a7-ab64-4106-b52f-601e3c5d92c5.htseq.counts.gz",
"16245b47-33ab-4332-a520-aecbed974167.htseq.counts.gz",
"16288ca5-3605-41ad-8842-38a8ac9a4922.htseq.counts.gz",
"1651f9c4-219f-4d46-adcc-6003c91eb059.htseq.counts.gz",
"168e9550-9975-4230-847a-71d868d46fb6.htseq.counts.gz",
"16942d90-640a-4f7f-9822-e613cd44b3a7.htseq.counts.gz",
"171a4828-984e-4225-b16c-c0bd6c319e06.htseq.counts.gz",
"17466fb1-5b0f-4872-a7fb-448a1057a32e.htseq.counts.gz",
"177b3d71-2c66-454b-9680-046b0fef23ac.htseq.counts.gz",
"1785abbf-4f85-4a72-8365-44c743ea786b.htseq.counts.gz",
"17f01a59-b1fc-4a6e-86f3-51fc2cd0398a.htseq.counts.gz",
"1885eb4c-2149-4746-9c7e-620125b03d94.htseq.counts.gz",
"18fbee33-4731-41f4-bdc9-6cf90952d370.htseq.counts.gz",
"1943018e-c964-4fd1-b23a-92c1202257b0.htseq.counts.gz",
"1946496e-3021-4f63-b80d-7110e9f9c42c.htseq.counts.gz",
"1953cac0-8088-44ea-b371-e8b98097d871.htseq.counts.gz",
"1968f4d3-ab4e-47f5-ae81-41b42fbd7da7.htseq.counts.gz",
"19f52003-78b1-41db-af49-65536c538ce3.htseq.counts.gz",
"1a33a98d-2df8-4c2d-8042-5d2add5ce54c.htseq.counts.gz",
"1b70d7d9-1d4f-4912-820a-e7ccaa0c9038.htseq.counts.gz",
"1be91780-e668-4261-bd65-ee03f2a5a1e7.htseq.counts.gz",
"1c072d05-bdd8-4d30-ba1d-099ed32ea33a.htseq.counts.gz",
"1c421a13-81a2-49de-b0a1-a2c0dc563357.htseq.counts.gz",
"1c860457-48e6-4a74-a455-e61bc10c6b32.htseq.counts.gz",
"1c89ff2f-6e0a-4244-952b-1391dba1b815.htseq.counts.gz",
"1c903a79-fbee-47a4-8847-79d9242a2fcf.htseq.counts.gz",
"1cbb4ac2-5588-441a-85f9-59deffb16a22.htseq.counts.gz",
"1cf5a03a-2e3c-427d-87d3-3215724dc6fa.htseq.counts.gz",
"1cfef63c-cd25-4997-a0a1-90a6f87fa4a3.htseq.counts.gz",
"1d293e9f-7672-428c-be8d-3d180c8e8590.htseq.counts.gz",
"1d7afc91-311c-4f26-9be0-b76ac284ee96.htseq.counts.gz",
"1e215a66-f961-4870-a370-4b945e1f7053.htseq.counts.gz",
"1e7b2b3b-f84d-42b2-b991-42d44f10340b.htseq.counts.gz",
"1ead6cd1-6336-4ecd-9a0c-88c39bd52a03.htseq.counts.gz",
"1f26c527-17d1-4b5a-92ac-057f2411d67f.htseq.counts.gz",
"1f4c4871-667d-4310-a45a-4a5d5f6b60eb.htseq.counts.gz",
"1f81c6d5-6a0b-43d8-b4e9-64ccd4d76291.htseq.counts.gz",
"1f853089-c40d-4bee-9833-837f327b275a.htseq.counts.gz",
"1f886c5f-c9dc-4bf7-a9f9-30659e57597c.htseq.counts.gz",
"1f90a18e-1e38-4365-bbbe-9959fe96ef77.htseq.counts.gz",
"1fb17947-620e-4655-8b19-7adef7238ab5.htseq.counts.gz",
"1fbc7c43-62b9-4f70-8f26-fbe1900e386b.htseq.counts.gz",
"1ff9e4f4-089a-4364-9ec9-c5ecc6b8c4f6.htseq.counts.gz",
"205e7e19-1169-41a2-ac34-f8e1088e1015.htseq.counts.gz",
"20ff57b5-eeb2-4312-a5e0-11ac8c8d573a.htseq.counts.gz",
"2163b681-ae29-4907-8f15-6c3665eae736.htseq.counts.gz",
"21b33b4b-04e9-4205-919f-8ec6b2e0cca0.htseq.counts.gz",
"21feac5d-641f-4802-a910-51b73431de3c.htseq.counts.gz",
"220c7593-ae84-4db4-9ce5-c6372fd696e3.htseq.counts.gz",
"220d10e6-c62c-4ac3-bd77-62ccc3676962.htseq.counts.gz",
"225ccdc9-0d78-4d35-a969-080e6db2d42b.htseq.counts.gz",
"22c16f46-950f-4389-bb16-b5cec4d8b94e.htseq.counts.gz",
"22d5f0c9-2f95-4a72-b8c6-d98c1bce07f7.htseq.counts.gz",
"23393a6a-bfbc-4dec-9ab5-e78a487a095f.htseq.counts.gz",
"23507f34-1c8e-4d83-a1c3-634b49460eb9.htseq.counts.gz",
"23721967-f211-4775-b90c-282126ef6286.htseq.counts.gz",
"23aca662-0b7d-4e3f-97f2-3f35c143bdd8.htseq.counts.gz",
"23f8f5e2-25b8-4b43-b939-66e7e3f55977.htseq.counts.gz",
"249869f5-8812-410c-89f8-2b7df632ac85.htseq.counts.gz",
"249889ba-18de-40e0-8b54-683f7230e42a.htseq.counts.gz",
"24ce4353-ea69-400d-a1e7-a3d785f463f2.htseq.counts.gz",
"24d7f10a-ac34-4f7e-8424-d2fc0d32ac58.htseq.counts.gz",
"253937ce-abea-4db7-8457-b983156373d7.htseq.counts.gz",
"257b1c80-203b-4cf0-9841-5a1242299270.htseq.counts.gz",
"258d40ba-4e39-4789-b997-cc4e828dda85.htseq.counts.gz",
"25de1c24-bb1d-40a7-b62f-b54d6184426c.htseq.counts.gz",
"2627073d-a532-4d75-9937-0a4f62df51f9.htseq.counts.gz",
"2656413d-a5d2-4812-9ce9-a02c15ab04bd.htseq.counts.gz",
"26bfd2ed-0d81-48ae-afd5-cf61b249bc14.htseq.counts.gz",
"26e8feed-d934-4dbc-8b04-d771b2a65915.htseq.counts.gz",
"27035d6f-4b2d-48ef-ae2b-b3cf52d67903.htseq.counts.gz",
"27a9c6bd-6e26-4055-867c-ab7276492464.htseq.counts.gz",
"27b907cb-2b29-4301-aa21-293d97d9b695.htseq.counts.gz",
"2807d45f-9e15-4e06-8336-de7295fc7509.htseq.counts.gz",
"2843eb58-20ce-4cbb-a783-61d85d10557a.htseq.counts.gz",
"28973531-fd03-4f86-8cf5-4c6941560c37.htseq.counts.gz",
"28dfbaea-e781-4f64-ae7e-d12d49f33675.htseq.counts.gz",
"29aca450-15a5-4d45-bade-ecce8e5a0e8f.htseq.counts.gz",
"29c4a2e1-2e48-4f4a-9ad6-9b0a7c04b8e9.htseq.counts.gz",
"2a2f6758-f11e-4060-bb0d-601e92e7c392.htseq.counts.gz",
"2a6ae2e8-733f-4349-8eec-d25e2b4abf86.htseq.counts.gz",
"2ac83384-33be-4500-b1fa-9d19eb2de6fe.htseq.counts.gz",
"2aed8d9f-0c7c-4afc-b3dd-8b15749bd857.htseq.counts.gz",
"2afc73e0-d4e7-4b35-8c1c-8bfc1237ee0a.htseq.counts.gz",
"2b5c518f-8327-478a-a282-01bfe59aca4c.htseq.counts.gz",
"2b61282b-2240-4f72-b8ec-a6242c3fdac2.htseq.counts.gz",
"2bb5a0f3-eaa6-4138-8bec-38c7c36c95fc.htseq.counts.gz",
"2bdbf400-8324-414c-8296-601d4a8c3eb0.htseq.counts.gz",
"2c0f0500-6dba-4195-9ce0-21ad15ea8c9a.htseq.counts.gz",
"2c87e676-6601-4d73-ad4b-9a0fd68ae0e4.htseq.counts.gz",
"2c9671e1-e001-4565-862a-a4845c9bad4f.htseq.counts.gz",
"2cf65487-9fb6-4e58-92b8-378c61d14c97.htseq.counts.gz",
"2d21d348-762a-424f-8965-e5132ff2359c.htseq.counts.gz",
"2d71fd22-4dd1-4954-87cf-a7c5879b8bec.htseq.counts.gz",
"2d721010-840f-4ca7-b41c-6792385b410d.htseq.counts.gz",
"2de4e8e1-2f87-43ca-aba6-19720e119397.htseq.counts.gz",
"2e528e8d-46a5-42b0-aa58-d266b30190b0.htseq.counts.gz",
"2e941d7e-cb3d-429b-aeff-328325ec6120.htseq.counts.gz",
"2edcaaa7-63b4-40b4-abbe-5d7a84012e60.htseq.counts.gz",
"2eecdef2-2e2a-450f-ad52-f053f97275a3.htseq.counts.gz",
"2f01ef65-282d-46a3-acb9-97a27fc30a97.htseq.counts.gz",
"2fbb0bb8-38a2-48ef-a2d0-8fa2d01772b9.htseq.counts.gz",
"30621023-91a3-4b13-bc10-922491b5f9d3.htseq.counts.gz",
"3067f41a-e3f1-47f5-9545-56d54fa75b98.htseq.counts.gz",
"31024f61-9191-4a91-a8fd-a8f4b63e6da6.htseq.counts.gz",
"318901b4-4f1c-4017-8113-5115747c6a67.htseq.counts.gz",
"31e5c917-1866-4156-9eaa-84a72c310edc.htseq.counts.gz",
"3201fd37-ac44-450b-8a85-058ead558da2.htseq.counts.gz",
"325a69a6-7312-4c08-94d5-9d76fd913376.htseq.counts.gz",
"327517e2-69df-41e1-9b1f-2fbcf7a5abe9.htseq.counts.gz",
"334ec5ef-bc13-4a08-b60e-445108510a95.htseq.counts.gz",
"33895df9-2355-4a0b-ab6e-6218062ff40f.htseq.counts.gz",
"338b5431-af4d-41ce-855f-998a293c3680.htseq.counts.gz",
"339d6e55-7065-45d5-ba2c-afc689cb7386.htseq.counts.gz",
"33acbfc3-2762-4f80-859f-e7f78961bef9.htseq.counts.gz",
"33fa1673-1d0d-4838-a313-1929c5af60d1.htseq.counts.gz",
"33fef46f-c248-4d58-bb6e-3a4a55272334.htseq.counts.gz",
"34cfd6c0-ebeb-446e-aa8c-a33358c6bdde.htseq.counts.gz",
"34dd0e22-1014-4fe5-8392-faddf79b0ad2.htseq.counts.gz",
"34dd2d8f-6b3c-42ec-94c6-2c3eb75e8b91.htseq.counts.gz",
"354bc895-1cf4-41d2-bf30-c52c21369fe2.htseq.counts.gz",
"35d82424-20d4-4d27-940f-770d4e0505fa.htseq.counts.gz",
"36725a42-52bc-4e9a-bb7c-728fbb8b1d19.htseq.counts.gz",
"36866b9a-180c-4d05-8030-6d0ace6f6adf.htseq.counts.gz",
"36bcb602-58b0-4731-8d2c-090eaac15d29.htseq.counts.gz",
"36d40974-4d4f-4726-b98f-1ceab329d0bf.htseq.counts.gz",
"379553b2-13c2-4543-a9c3-9616fc249730.htseq.counts.gz",
"37c712b1-00b7-4db2-8728-88816e06bbdd.htseq.counts.gz",
"381e2cf8-6fd4-4561-a881-683bfed6b1f8.htseq.counts.gz",
"383e04eb-e6c6-4138-b336-1847e128807b.htseq.counts.gz",
"3840477f-a5a6-4420-8d06-18f61b313ec1.htseq.counts.gz",
"3846d74d-423d-43c2-a33d-168456d67478.htseq.counts.gz",
"394a5627-ac10-4c2d-a4d4-393898dd7d0a.htseq.counts.gz",
"3960a39a-badb-45c1-b68e-5280677881f6.htseq.counts.gz",
"39b74af5-8b63-4788-b05f-d1696605afdc.htseq.counts.gz",
"39d6716f-d898-494e-9f41-7972de1e6670.htseq.counts.gz",
"39ea216a-6bff-41bc-a730-350145ffd2eb.htseq.counts.gz",
"39ff3181-ab7a-4143-b23f-0d5ab109ff86.htseq.counts.gz",
"39ff37d0-344a-4627-b972-68d81304b355.htseq.counts.gz",
"3a3d56a9-e18a-4346-9350-bed393553080.htseq.counts.gz",
"3a7a0c28-6d64-4f3e-bfa8-750d464b0b4a.htseq.counts.gz",
"3ab0577a-0d95-4f3b-9ec8-850820c5ecb3.htseq.counts.gz",
"3ab61b3d-13bd-4fca-ac15-f70acbce447c.htseq.counts.gz",
"3b187f2d-fa67-46a4-ad60-0d26375a9632.htseq.counts.gz",
"3b2c4de1-9a4a-43ad-8723-1f634b339183.htseq.counts.gz",
"3bb2c361-dc3f-431f-87d1-e2fd1ff4939a.htseq.counts.gz",
"3be0bfb9-097d-4875-beaa-b0a9929b4c91.htseq.counts.gz",
"3c49cb1a-c0f5-4b74-81f9-aa18d3da1e43.htseq.counts.gz",
"3c631c4d-ec26-4f29-abcb-bed2221f3da5.htseq.counts.gz",
"3c841072-1f34-410a-b993-13d51e011783.htseq.counts.gz",
"3c8923de-0d68-4137-a5d9-657a77cac893.htseq.counts.gz",
"3c99f021-2d9a-4322-96d1-27329c4abee3.htseq.counts.gz",
"3ca8233e-434b-477c-8683-b1f770cedc63.htseq.counts.gz",
"3db1a6bc-c9e9-48d3-ba3f-394cd2f693c5.htseq.counts.gz",
"3dfc9814-c6f5-4bbf-99ae-3890912c39d8.htseq.counts.gz",
"3e0b8b8a-c9b6-43e7-a1eb-79c73c315222.htseq.counts.gz",
"3ec39b79-fd84-4006-b513-ea78ba8ba16c.htseq.counts.gz",
"3ec6ccd2-6cd9-4094-8a3d-98ae065ff95c.htseq.counts.gz",
"3ec6fe34-7876-4369-aa8c-c0fd901c8aa2.htseq.counts.gz",
"3ed0100a-dea2-4201-bb12-8646875a04b6.htseq.counts.gz",
"3ef6e68c-dde3-4c06-9a68-e99db9fb2a5c.htseq.counts.gz",
"3f500570-271f-4da1-90d5-d60f353521e1.htseq.counts.gz",
"3f9f9a93-3270-462b-a014-567f98a963cf.htseq.counts.gz",
"3fb92a97-b53b-4f00-88b2-958b0ad2b46d.htseq.counts.gz",
"3fcf11cb-f4ef-4adf-ae8c-f6f225fafebd.htseq.counts.gz",
"406342c7-8231-4efb-a8dd-b65238aacd9b.htseq.counts.gz",
"4090ee76-ffc3-4b6b-9be5-53855d453e88.htseq.counts.gz",
"40a5ed6b-a4db-4f80-991b-b884a0d4036c.htseq.counts.gz",
"40d9de72-e2ee-4bd1-9c1f-b5a6df9ce3e1.htseq.counts.gz",
"411e5567-82fd-4cc8-99ea-5ed9bd3a198e.htseq.counts.gz",
"41263b0e-e2db-4ecf-8152-136364e1ad66.htseq.counts.gz",
"412fcc8b-734c-439e-a540-33e9a43cac9c.htseq.counts.gz",
"4138b9da-1f18-437f-8d62-c16d489e7c09.htseq.counts.gz",
"41734a51-fd66-4ef9-a7c7-481e19c7674f.htseq.counts.gz",
"41f067e1-7d50-448c-86fd-bdad3824b2ec.htseq.counts.gz",
"41f9bceb-88d0-44ae-9eab-6ff9a6484e93.htseq.counts.gz",
"42441c09-0118-4457-8442-8ed8f4178cbb.htseq.counts.gz",
"4253d955-2f01-4657-909e-756c899dd81d.htseq.counts.gz",
"4270fb7c-3aa7-419b-9e7f-e449e6f659fc.htseq.counts.gz",
"42866dc5-1fed-4d60-9177-9ad8e4ae8168.htseq.counts.gz",
"42d4f4c7-690c-4c0d-a2e8-ad3aef6f7776.htseq.counts.gz",
"432d86b3-b5d0-46c0-96d8-d7d5f4e6c3b6.htseq.counts.gz",
"43c99312-8f57-4a49-a030-450bafc13d2a.htseq.counts.gz",
"445b096b-502f-4e88-9338-4ad309a14425.htseq.counts.gz",
"445fb7df-2bd7-4324-9423-23b573ada13d.htseq.counts.gz",
"44a7b09b-a258-4e97-ac42-02d7f09b8b32.htseq.counts.gz",
"44caf0b5-d05f-49fd-b8ec-c32d0003c5f4.htseq.counts.gz",
"44ebe859-bc4f-40c1-bdb9-1fa970b680da.htseq.counts.gz",
"44f52c83-3eb1-4f91-a885-599fb960049c.htseq.counts.gz",
"4533324a-901d-4c51-b653-706e25e59019.htseq.counts.gz",
"456bf061-467d-4bd8-bf71-b0a54ef06dea.htseq.counts.gz",
"45c4eed7-f80d-4d33-abbb-321ff5ed0750.htseq.counts.gz",
"45c8b091-bc89-4b52-87d9-2d9f97280abe.htseq.counts.gz",
"45f27da5-7fc4-40e2-a78f-3f9af7500804.htseq.counts.gz",
"462312a9-821f-4049-9712-b937358a60ce.htseq.counts.gz",
"463f2d23-8b4d-45f5-9600-06c2920498ca.htseq.counts.gz",
"46927791-e908-49eb-8ad8-21158fc1549a.htseq.counts.gz",
"46b3483c-ee02-414e-af72-57313469a30c.htseq.counts.gz",
"46c0216c-ff17-4ebf-ad8f-b054542fc2a9.htseq.counts.gz",
"46ee3218-2a1f-4d44-8706-d44d7e4b980d.htseq.counts.gz",
"470d1bf7-55b9-4c8c-a3f3-f7ad6c1a4c77.htseq.counts.gz",
"471d762f-bd20-4665-9e2f-cc7ce8f94001.htseq.counts.gz",
"4791874c-5ef8-4fbf-8085-055a28057529.htseq.counts.gz",
"47af78ae-c41a-401f-a88b-d7e35831f816.htseq.counts.gz",
"47d55900-0081-4c1f-ba13-beac60c63bec.htseq.counts.gz",
"483b7d6e-7853-4fd7-9efe-de5574af9045.htseq.counts.gz",
"48436ca7-2b7f-4615-9c88-8ede9398d11a.htseq.counts.gz",
"4870a03e-aa72-4058-b347-5cb2861fa3a3.htseq.counts.gz",
"488f53a2-92f8-4164-adc8-28b738a312fb.htseq.counts.gz",
"48a74528-5279-4175-978d-4ef38e6fc835.htseq.counts.gz",
"48a95042-0ff3-41a6-a447-dc3a64d087fc.htseq.counts.gz",
"49169d14-c16b-4f51-9cf6-4191d3d2e25f.htseq.counts.gz",
"49e76e89-2cca-45da-91ac-e4c8c9c4d35e.htseq.counts.gz",
"4a0d9b7a-427c-4446-9fbd-ebb4b55b0469.htseq.counts.gz",
"4a557993-a2f2-44eb-8dff-1541628b0f88.htseq.counts.gz",
"4a775326-e623-47d4-b105-d32fc21afb8a.htseq.counts.gz",
"4a9bb3fd-4e75-4585-82f7-7254889b9838.htseq.counts.gz",
"4aa06322-99a1-49e8-ad18-c92cb676da51.htseq.counts.gz",
"4aef3e8e-65b4-4494-8c05-f0f1b5e0a0a0.htseq.counts.gz",
"4b19c0e2-2a61-4f0a-9257-4a528e6b320e.htseq.counts.gz",
"4b5014a3-d76e-485d-b8fa-6c2bbc9ba308.htseq.counts.gz",
"4b8c5e71-cc16-4181-a790-f4ea8d6d5ba7.htseq.counts.gz",
"4ba6c212-ef90-4ab3-b551-35c05cb6df90.htseq.counts.gz",
"4bf2bea7-00ef-485c-b9e5-035f0ea62b1d.htseq.counts.gz",
"4c05f1ea-cd90-4a8c-b445-fb60850144d1.htseq.counts.gz",
"4cb8bb61-b1d0-44d3-beb2-c6989b60aa50.htseq.counts.gz",
"4ce3e99a-a195-414c-a967-7d3795d48934.htseq.counts.gz",
"4ce949d4-55e1-4e4b-a6d3-d2910ae3b448.htseq.counts.gz",
"4d0a2c1a-47d5-4798-bacc-c333913c095b.htseq.counts.gz",
"4d186011-bf83-49da-85b9-a42337fa1a23.htseq.counts.gz",
"4d5b0ba8-64d8-404b-9a83-fc4111686afe.htseq.counts.gz",
"4d8ca8d3-eec4-4dee-9805-4a84fa1f1716.htseq.counts.gz",
"4dcd18d6-b7b2-4a92-bcbe-361c7278e84e.htseq.counts.gz",
"4dced115-7653-470d-b341-be1a447175db.htseq.counts.gz",
"4dddb0ad-1c56-4100-9f5e-a0e9722a12f9.htseq.counts.gz",
"4e23d0e8-17bd-4c10-9943-94a393a9429d.htseq.counts.gz",
"4e2d8faa-1d4a-41d6-ad45-a8206cfd9c90.htseq.counts.gz",
"4e7c8fb8-81c8-477a-b012-b6e4d89c88f2.htseq.counts.gz",
"4eecfe47-e618-4f17-8a74-a91ebd259c88.htseq.counts.gz",
"4f6e9a85-31c9-468b-b121-1e235f159010.htseq.counts.gz",
"4f882084-0568-4c2c-9c87-6b376eea8247.htseq.counts.gz",
"4fa6a1c4-e574-4003-8461-3b494a113644.htseq.counts.gz",
"4fd836c4-32d6-4d8c-a660-0b198ebfd954.htseq.counts.gz",
"4fe7951d-87fd-49b7-91d6-1d455415daa1.htseq.counts.gz",
"4ffc163b-f5af-407d-aae6-769e4ab354d0.htseq.counts.gz",
"5018e9b3-06a9-47f9-b6c9-73d6dbaf188c.htseq.counts.gz",
"5029a88f-ac46-4a7e-afd0-398cfb17bd5f.htseq.counts.gz",
"506c50e7-9e5a-434d-bb0d-2fd224c33bfb.htseq.counts.gz",
"509529b1-8dbc-4abd-a037-84fa6c48575a.htseq.counts.gz",
"512b0f65-4ee9-4d01-b453-075499fe9d83.htseq.counts.gz",
"5141c576-e074-4fe4-805e-d58eae3ee198.htseq.counts.gz",
"519e5c0f-8649-4676-8618-79cdc1770de0.htseq.counts.gz",
"51f23908-2796-4c07-82a8-21b8a717f84e.htseq.counts.gz",
"525c4246-ccda-417d-9cde-ee06297094f2.htseq.counts.gz",
"5270d12d-756c-40d7-8f5d-8e7ccdf24a48.htseq.counts.gz",
"528dfb33-8225-469d-bd57-d1c5ec8991bb.htseq.counts.gz",
"52f569c5-6c2a-472d-8dc7-c259ff8b0c32.htseq.counts.gz",
"52fe6ec2-36d3-413b-81c7-b79870d74450.htseq.counts.gz",
"5310b432-6d4a-4b07-a9c3-d3db29515dfc.htseq.counts.gz",
"53a59278-dd3f-4678-bbee-a7c9aacff1a5.htseq.counts.gz",
"53c56c46-1618-49ad-9155-46f46d6d3613.htseq.counts.gz",
"54401c2a-7124-42b7-90d8-6267575bce51.htseq.counts.gz",
"5445d9fd-a8a9-4fc0-9876-b9bebc549f9b.htseq.counts.gz",
"54f95193-f419-44ce-b397-a67ef67786a4.htseq.counts.gz",
"54fd8129-1f2c-458b-bafd-fc76ea2538cc.htseq.counts.gz",
"54feb6b1-f384-40f5-a680-d0b1764d4d2d.htseq.counts.gz",
"55030097-d293-41e0-a554-38f40282b6dc.htseq.counts.gz",
"5525258b-a896-4735-bcfb-63db002189e3.htseq.counts.gz",
"552e9a21-3493-4567-8d55-40e7f8009a5f.htseq.counts.gz",
"555de98a-5925-41d0-8095-7ae42c480861.htseq.counts.gz",
"559102b0-8f67-4bfb-ae0d-bfc74f439198.htseq.counts.gz",
"55ddda00-b691-4f94-b128-20a0b1b9a7e9.htseq.counts.gz",
"55de73a6-7f94-4022-9ee8-8f959fa2866b.htseq.counts.gz",
"55ef3047-ebc1-4b33-be74-b94dcf38988f.htseq.counts.gz",
"5627702f-b816-439c-8ae2-43b51d455432.htseq.counts.gz",
"56451515-b448-4c8f-837a-8a78ac630d8d.htseq.counts.gz",
"56b1cfde-d0f9-472f-bb70-f1fd1f6fa7a4.htseq.counts.gz",
"56ce81a1-b4ae-4567-a140-4a68c34aabf3.htseq.counts.gz",
"571dfb80-0e39-4e9c-8dd2-597b93d67e90.htseq.counts.gz",
"5762891c-adc4-4d52-9927-2af194da03e1.htseq.counts.gz",
"57e8b21e-eeb7-4f8e-a8b3-b6016bd37c96.htseq.counts.gz",
"58050606-3a53-439b-836b-de391c4c630f.htseq.counts.gz",
"58364fa1-64c1-4f78-9776-1f2eda22a9b8.htseq.counts.gz",
"583a285b-0bcd-4fd7-9c66-19ca10d974c3.htseq.counts.gz",
"583d6873-a3f6-4d4f-9b87-cd8f8c7366ca.htseq.counts.gz",
"5891f699-0097-48dd-b35a-0f8999af21c8.htseq.counts.gz",
"58a71f2d-d3bc-4006-973e-0fdf93c3095f.htseq.counts.gz",
"58d232f8-75a8-4981-9ccd-0530a31b4610.htseq.counts.gz",
"592f19d7-8afb-4db6-9409-24ded8862985.htseq.counts.gz",
"59325a83-799e-4f38-aa82-a26b34e7e563.htseq.counts.gz",
"5943b9f4-fd43-46dc-8ebe-a0145e4ee7c3.htseq.counts.gz",
"5958e543-9a75-4144-9f93-9daa1cc14190.htseq.counts.gz",
"5a4ccc96-fd1b-4237-b8f1-1344b880fa00.htseq.counts.gz",
"5ab6232c-5cba-47ca-af29-3799b0263a58.htseq.counts.gz",
"5af9d74c-549b-4a44-8918-b80b4bc6fab4.htseq.counts.gz",
"5bc7e90d-0fa4-4bde-bee8-4f9b92de03a2.htseq.counts.gz",
"5c006621-470c-4d58-9c59-804988b955d9.htseq.counts.gz",
"5c09d572-3fb3-4b7b-ac32-279c6351554c.htseq.counts.gz",
"5c0f9cb8-cc53-49ce-8384-6acb54cb1855.htseq.counts.gz",
"5c50c128-f5df-4000-9e2b-3c261c02535f.htseq.counts.gz",
"5c9922f4-9f47-4580-8c94-ba1f89c96d8b.htseq.counts.gz",
"5cb04b67-53f5-4a10-859a-64652cea2b4e.htseq.counts.gz",
"5cb385a7-dab3-486c-83af-80aafe9c4669.htseq.counts.gz",
"5d3c2256-e8ed-4145-8c2d-b221c75dc049.htseq.counts.gz",
"5d6adefb-ceda-4ef2-a6b9-8077fd618ae6.htseq.counts.gz",
"5deaf7ee-54a9-40b0-966d-b8478aa11207.htseq.counts.gz",
"5ec8fcf2-85bc-4c30-9329-62b1cc47b67f.htseq.counts.gz",
"5f615a4b-f0c6-4313-88f3-a2a8f4a713c4.htseq.counts.gz",
"5fa81a55-a556-4302-94ea-1249e51511f1.htseq.counts.gz",
"5fa88a87-e100-4fc5-bc26-995ad8191c8f.htseq.counts.gz",
"5fa89257-f0c1-43ed-99d6-991870b4e422.htseq.counts.gz",
"5fad0e23-8efc-4911-accd-2e9f2fb8d987.htseq.counts.gz",
"5fb64539-aa50-41c0-9b2c-092455ea02cb.htseq.counts.gz",
"5fbebc46-bcba-4712-9fc7-4477c1332381.htseq.counts.gz",
"5fbf674e-49f3-4af8-9c9c-20a528ad0684.htseq.counts.gz",
"60396a51-81af-4e2a-8599-500eb58620c7.htseq.counts.gz",
"6068fbcf-7836-41f6-8cd2-4cffde58d00a.htseq.counts.gz",
"6069387b-32a3-4e1c-8386-050aa2da67c4.htseq.counts.gz",
"609420eb-0650-4187-8b48-cb1ea5fa0d8d.htseq.counts.gz",
"618b463f-1cbd-45d7-83ea-470a0451799f.htseq.counts.gz",
"61af99a7-ead9-4107-9979-5a8ca85c2020.htseq.counts.gz",
"61d9afeb-0da7-4f13-973a-2c98e03038e4.htseq.counts.gz",
"61f88053-5c64-4141-b6ed-f2a472095b3e.htseq.counts.gz",
"62299b4e-203a-4f74-a2d9-94e0617acfb8.htseq.counts.gz",
"62a17809-7816-47cf-959d-f00e5ea0c3b4.htseq.counts.gz",
"62ae8183-68ac-4317-8196-c95bc40c3119.htseq.counts.gz",
"6328270d-55e5-4e9a-be5e-c0e2a888f128.htseq.counts.gz",
"638fedeb-ba58-471c-8a1d-57d4e798c840.htseq.counts.gz",
"63a39ca4-6ea7-468e-b726-b3b8ce17d7b1.htseq.counts.gz",
"63a5626e-aca1-4920-b101-eb5a66373fc0.htseq.counts.gz",
"63b48baa-7826-4b1e-ae67-7cdbd36a4e92.htseq.counts.gz",
"6419a6e7-9e3d-4c0e-9ae9-e14b9ae02661.htseq.counts.gz",
"64262505-9f17-4989-94c9-fc6db56ca676.htseq.counts.gz",
"648e4d91-e53f-47c8-b343-e224d2a72956.htseq.counts.gz",
"64ba6d44-548b-4c0b-b86f-5edf7deddd97.htseq.counts.gz",
"64c6dc6b-5fb3-48fe-8103-ee7cd86b989d.htseq.counts.gz",
"6515c0f7-2334-4bad-bde7-b562f5f67148.htseq.counts.gz",
"6533d5fa-8631-4e68-ba3b-2039aa8c96cb.htseq.counts.gz",
"6577de41-48a3-4933-94de-64553f13bf05.htseq.counts.gz",
"658ec1a1-9948-4be6-a4e2-44ea4655d29c.htseq.counts.gz",
"65bcca98-e3eb-40f6-9eed-84b1c09da28e.htseq.counts.gz",
"66174391-806a-41f0-ad9d-685e2adad5fa.htseq.counts.gz",
"6632e6de-5170-4096-a298-078b6bfd3760.htseq.counts.gz",
"669cf849-aa91-4d4a-b08d-7c10baf81d15.htseq.counts.gz",
"66b276d6-92c6-4ada-ae69-2ca5db2ad797.htseq.counts.gz",
"673b5bd8-a5b6-4b19-9a9d-4bcbc6988ab1.htseq.counts.gz",
"67418961-d894-42a9-ae6a-21f41e6ca9bf.htseq.counts.gz",
"677dde68-3c06-4e1d-9250-8a99c84643c3.htseq.counts.gz",
"67943973-e57a-4285-bd6e-995053d23fe0.htseq.counts.gz",
"67d71120-1690-412a-82f3-9bc921ad6b07.htseq.counts.gz",
"683bed23-e01d-4ad4-b1c6-fb6e31a69492.htseq.counts.gz",
"684122bd-81c6-41af-a8e3-700bb833cd11.htseq.counts.gz",
"68872445-c6f8-4e6a-b0b3-dcaa53e70e56.htseq.counts.gz",
"68b3162f-a77a-4630-a64a-26a33a2ecb12.htseq.counts.gz",
"690796a7-a685-4fcf-a121-33261d9fdd83.htseq.counts.gz",
"696b850b-b7a2-454e-811e-4c073ff2299e.htseq.counts.gz",
"69700f16-c897-4ce1-a462-d5fc5edcf73d.htseq.counts.gz",
"69878c97-02ab-4504-9506-aea3adbee455.htseq.counts.gz",
"698eba4b-b0f0-4923-9e43-d9707959c65f.htseq.counts.gz",
"6999d309-8502-49ee-8d80-9d0bde00081f.htseq.counts.gz",
"69e11cde-c26b-40d2-a3f5-b668ef590688.htseq.counts.gz",
"6a979027-8bef-430c-bf09-67b3e8882482.htseq.counts.gz",
"6a99a9ab-dcda-408b-886a-1600fb578306.htseq.counts.gz",
"6aa147a7-6444-492e-bb01-af0c4d4fe93b.htseq.counts.gz",
"6aa69f7f-28c6-4943-b907-62d8085e9c6c.htseq.counts.gz",
"6b51c7b1-a0ca-4599-8876-75b7f0269c64.htseq.counts.gz",
"6c60605b-a647-481e-976d-f2945740faf8.htseq.counts.gz",
"6c6c01b5-ee5b-4ef0-a44f-2b982033fe4c.htseq.counts.gz",
"6c6d7c1d-7a53-4877-8cbe-f50a26e7156b.htseq.counts.gz",
"6cb1791d-bda0-44de-ac3f-5405ba1ac5ec.htseq.counts.gz",
"6cec6969-b8e2-4d99-a833-7c6b1ca08179.htseq.counts.gz",
"6cef5fb7-2c60-4ece-87e8-4acff9374fb2.htseq.counts.gz",
"6d27be54-6210-431e-b460-247587c5ab8d.htseq.counts.gz",
"6d29821a-4682-4942-aa03-b3260d2788e8.htseq.counts.gz",
"6d32c2f4-c318-4917-8e17-2eff74b5e127.htseq.counts.gz",
"6d44a9ba-d0f4-4d8b-b368-036d00198d1f.htseq.counts.gz",
"6de5c310-794b-4a9e-8777-0382a0584157.htseq.counts.gz",
"6e0e0989-0b95-4f1f-8853-2da52fd6a6fd.htseq.counts.gz",
"6e1f1d9f-85b3-4ed0-87f0-94aa404e1ca6.htseq.counts.gz",
"6e2570b0-fc95-4ba9-a8a5-b79f6dea0246.htseq.counts.gz",
"6eff5754-c9e3-402d-a341-63b891dd95d9.htseq.counts.gz",
"6f14823c-a53d-4546-a100-5a276ac1c4d8.htseq.counts.gz",
"6f2d3476-cfb8-4e9e-abd0-266cc679d0df.htseq.counts.gz",
"6f50e461-7336-44de-8968-c6114116b3b1.htseq.counts.gz",
"6f618400-b914-4103-bf46-9c026b470aa0.htseq.counts.gz",
"6fdbbe35-6392-4100-8f96-0e0d02257b73.htseq.counts.gz",
"70089c01-2fbe-4501-bccf-747b40872d6a.htseq.counts.gz",
"700fa398-8999-430e-a52d-0e7a40a2d45b.htseq.counts.gz",
"70151eb2-40c7-4ad1-b4ff-97e1878449fa.htseq.counts.gz",
"708413f6-ee3c-4379-a8a1-0143b0ac7adb.htseq.counts.gz",
"709670f6-cbb6-49ac-bc82-982be7eff36a.htseq.counts.gz",
"70a755a4-250e-4b5c-a341-a63f1ff430ae.htseq.counts.gz",
"70cb5052-4284-4147-a745-d2f2b58cb481.htseq.counts.gz",
"71857763-8175-4a80-8bf4-ebf3c5018151.htseq.counts.gz",
"71c3f9c6-9226-4a8f-910a-3cee62dbeb3c.htseq.counts.gz",
"71c9e9d3-9276-468c-a3a0-053880a75511.htseq.counts.gz",
"71de586e-9fef-4c8e-9c89-1936e9415ab3.htseq.counts.gz",
"7200e770-c95b-44bf-97bb-4b20f26edb77.htseq.counts.gz",
"720b9121-0bc4-4ff8-8a36-f146fea4da3c.htseq.counts.gz",
"723562fb-cff9-4cd4-94ed-9ae9cde55a9d.htseq.counts.gz",
"72be5cae-79cb-40da-b6ba-00d2192d6ec8.htseq.counts.gz",
"7354b3fd-3ab9-4ca6-92ab-deb63649cf60.htseq.counts.gz",
"73f7d513-46c8-4559-86cf-8b789c042e32.htseq.counts.gz",
"7411d69d-b4ea-4099-9709-451756f03af1.htseq.counts.gz",
"742a6c93-affc-4447-8951-4447a5f439c2.htseq.counts.gz",
"743ef32d-2d6c-4ae0-959a-8c20de3e6734.htseq.counts.gz",
"746a7243-3733-48e0-92a3-5d45962786b8.htseq.counts.gz",
"7483525d-d141-4e9d-aced-92be415ec529.htseq.counts.gz",
"7487d66f-3ca5-4df9-ac9e-88f0af7838c3.htseq.counts.gz",
"74b61bc0-93ff-43aa-b495-467f54415731.htseq.counts.gz",
"74baf4dc-d3fc-45f5-a39b-7c88aebe1b89.htseq.counts.gz",
"74df62d7-45f0-47c3-b0fd-8b47ed7324b8.htseq.counts.gz",
"74dfc8ec-405b-4ffa-a282-daac57bf4d01.htseq.counts.gz",
"74fcc4a6-24a4-4de8-83b6-408f248bce01.htseq.counts.gz",
"754aad86-ccb1-4716-84fc-abe77e4b3e2d.htseq.counts.gz",
"757b49f6-849d-45d9-a182-4caa6c527fc2.htseq.counts.gz",
"75965f7b-8ec7-481e-ae22-68ba7f7eafed.htseq.counts.gz",
"762e3c02-fbce-4778-8d79-8fa732fd399e.htseq.counts.gz",
"76e8be2b-99c1-4e5d-97f1-f1829343d76a.htseq.counts.gz",
"76f75946-4d85-415e-8602-d1153fe3e2c3.htseq.counts.gz",
"774b7b7e-f349-495e-8972-cbcb08907805.htseq.counts.gz",
"7795a8f6-c33c-47f5-95f8-f976e8e15bd2.htseq.counts.gz",
"77c7bf1b-e986-4e9c-832d-a64e063c54ff.htseq.counts.gz",
"780280f7-2ea5-47b9-abbd-c2fc95e63c66.htseq.counts.gz",
"786873b7-1515-4aaf-872a-ee2e0ee05bf2.htseq.counts.gz",
"78e16228-2d9f-4e19-bbd2-b0bb85e8faa2.htseq.counts.gz",
"78f2dfc0-9452-4547-b9a9-eb9dc920a4a9.htseq.counts.gz",
"793d9283-e8c4-4548-8f2f-b57f94308b5c.htseq.counts.gz",
"79b3f166-d05a-4a27-ac51-31a6e36bd349.htseq.counts.gz",
"79bc5610-8e95-4d2d-a3e1-8cdb75398752.htseq.counts.gz",
"79c1a9c6-a12e-4e12-8acd-52a8ea0f9dea.htseq.counts.gz",
"79eee19f-5a9c-4e79-83ef-d6871ef4cb6f.htseq.counts.gz",
"79f4c86a-f806-4fcb-ac89-db4e95a6eaad.htseq.counts.gz",
"7a284ab1-3849-4c83-ae30-86cf1136f641.htseq.counts.gz",
"7a494c60-48a3-486a-83c2-aefb4c160a2c.htseq.counts.gz",
"7aa14420-27a6-4d42-82e0-f30878a8ab1c.htseq.counts.gz",
"7abbb947-e35b-484c-a84f-d903268d219b.htseq.counts.gz",
"7acdfb7e-882e-43cb-a449-e1bff9869637.htseq.counts.gz",
"7af2075c-0386-4971-ae25-375330ef6cec.htseq.counts.gz",
"7b18f9cb-2541-450d-b816-9823edc1afe2.htseq.counts.gz",
"7b9248cd-ed82-4b7b-8bda-81b6e8e8000c.htseq.counts.gz",
"7bc55a1b-4962-4882-80f9-db2f0a808bd9.htseq.counts.gz",
"7bcc02ad-a4c7-44e1-8654-10c4598f936d.htseq.counts.gz",
"7bda3c7f-9e51-4e8a-9398-e9dc1dee8c62.htseq.counts.gz",
"7bda8b48-9d55-4d47-bcfc-b5b71d9db7da.htseq.counts.gz",
"7c4cee3c-a8d6-4016-84e3-106d18d1c2e8.htseq.counts.gz",
"7cf82e1d-569e-4a10-a384-3144f3c00305.htseq.counts.gz",
"7d229eb4-cdbd-4578-9e54-c7cbd7ef1378.htseq.counts.gz",
"7d31ccae-fd6c-41b6-bdfb-2a42fd68b4c9.htseq.counts.gz",
"7d43beb3-7d7b-4d27-b63c-ac3c29ad64e7.htseq.counts.gz",
"7d7f57fe-a717-4d26-a74b-d050700c57cb.htseq.counts.gz",
"7d83af5d-9bcf-4c82-a993-fa9053a9b3cb.htseq.counts.gz",
"7d9d7119-4a9e-46f6-b758-153bfcc869a5.htseq.counts.gz",
"7e56863a-53f2-4c94-9cf0-053d72b4d5ee.htseq.counts.gz",
"7e7b4326-0563-466d-90e7-47edae5f6961.htseq.counts.gz",
"7e89a428-9132-4efa-b119-10241f0ecdcc.htseq.counts.gz",
"7eed3c23-853b-4d0e-9b2d-81990f2ca0c6.htseq.counts.gz",
"7f08d0f0-7b1b-4ef0-a3ba-4bc12097a0bb.htseq.counts.gz",
"7f2c3de9-a1b9-413a-821c-02dbcad4ea0b.htseq.counts.gz",
"7f2cf950-b5e1-4a01-a44b-88a4e3303233.htseq.counts.gz",
"801d0a1e-b2c9-4e05-bd6b-15322b0458c6.htseq.counts.gz",
"80972822-9505-4450-8648-220cfda9f695.htseq.counts.gz",
"811bb9fa-9aea-4ea9-a1c7-3f9fa5d42f6b.htseq.counts.gz",
"8131b1ee-eb8a-4d50-a106-724a798645a9.htseq.counts.gz",
"8247ad98-4681-438c-880e-ff2a89b5a094.htseq.counts.gz",
"829af93c-fd1a-4792-be16-a5b7b7221b09.htseq.counts.gz",
"82bfc74a-cb0f-4966-b53e-c7b535ae7f23.htseq.counts.gz",
"82cc9906-3664-4b13-bdb6-405db9d15e31.htseq.counts.gz",
"8367f33b-6f1e-4fd1-b57c-dcee572553c3.htseq.counts.gz",
"83ae9156-437f-4ca1-b66b-43f8559ff592.htseq.counts.gz",
"83da7937-9e38-46f0-967a-bcfaeaea1588.htseq.counts.gz",
"84ab7d33-de05-49a8-af92-5ce869de2561.htseq.counts.gz",
"84bf2e9a-56a4-49ba-bbb9-ad931c77e117.htseq.counts.gz",
"856ca504-791f-45f1-b756-e180e6a2535a.htseq.counts.gz",
"85a57663-89b0-4cc6-b118-98fce8640eb2.htseq.counts.gz",
"86272569-4b9c-4d44-b8f1-daeb9348a6e0.htseq.counts.gz",
"8677d42c-aef1-444d-b9a2-0dbcced0e886.htseq.counts.gz",
"8682197b-7b3d-4d3f-8f3d-8be702aa02fd.htseq.counts.gz",
"8691a335-a632-4529-b77f-35ab2dddae26.htseq.counts.gz",
"86a3c9bd-5095-4ef2-a676-7c29d9f4db4b.htseq.counts.gz",
"86b85802-2fb0-4628-a79f-04bdb80b7461.htseq.counts.gz",
"86d12b04-9652-4ddf-8e7f-056501d112d5.htseq.counts.gz",
"87a1f0a2-5c97-4e4f-92f0-af2259c42be7.htseq.counts.gz",
"87e0be4b-bc1a-4bc7-a744-6b960dbc0526.htseq.counts.gz",
"87e68da8-743f-40f7-8894-fb66e474bb61.htseq.counts.gz",
"87fcecde-b317-4518-bea1-cc8d14a18107.htseq.counts.gz",
"883728dd-ee8e-41ff-9507-1893977ad754.htseq.counts.gz",
"883f822b-3d64-424c-b557-526c49ffa7b4.htseq.counts.gz",
"88522aae-be2d-4899-b32a-c35a39c25b89.htseq.counts.gz",
"8867e7c2-0694-4172-a51e-9267a01f0658.htseq.counts.gz",
"88a06699-eaa7-4c6e-9062-d235298fe3da.htseq.counts.gz",
"88ac1ce3-6538-4bf2-960c-80aebb70a148.htseq.counts.gz",
"892b14a6-b2b6-4860-a7fc-f65beac8530e.htseq.counts.gz",
"895c3465-8933-414f-a27c-83389d6f82ec.htseq.counts.gz",
"8970e6da-5904-483d-8770-0ede67f98cf4.htseq.counts.gz",
"89898350-742a-4b99-b1b0-4db42205fdba.htseq.counts.gz",
"899a4fae-569f-463c-8cb1-049b9d50b9f4.htseq.counts.gz",
"8a244dd2-0dc1-429c-81a1-5873ce536b47.htseq.counts.gz",
"8a90ba95-4d75-415c-867c-dad5f14eadad.htseq.counts.gz",
"8acd201e-0b81-4787-8365-1e52c4c7ac6e.htseq.counts.gz",
"8b178cb1-d22e-4657-80c6-d7efcddf43a6.htseq.counts.gz",
"8b26a752-d1fa-4a0d-8600-9f7bf97cc94b.htseq.counts.gz",
"8b3049b8-2b0e-41a4-b4d9-d904792fcc56.htseq.counts.gz",
"8b4fd8a6-c6a7-41b4-b052-8212f0ed2972.htseq.counts.gz",
"8b7009e8-9021-48d7-a603-3c6038635252.htseq.counts.gz",
"8c573441-151e-40bc-bb2a-18d6ec2b4ee5.htseq.counts.gz",
"8cc12fdc-c850-42a3-9aac-eae3ac9b21a0.htseq.counts.gz",
"8d13e259-238e-4d2f-b9d3-4cffd4302abb.htseq.counts.gz",
"8d38b4b8-6074-469a-9af0-8200f4ee8bb5.htseq.counts.gz",
"8d54214a-1d9b-4fea-9c42-5bbb3cd11da9.htseq.counts.gz",
"8dc6012e-51fa-4750-85b3-0edd67a9266a.htseq.counts.gz",
"8ddc8e8b-d131-4f4e-96ec-078ced613de6.htseq.counts.gz",
"8dfe19ae-aec1-4de5-9b94-1a48c05c11c5.htseq.counts.gz",
"8e21887e-f3ca-4c2c-819a-538952264c23.htseq.counts.gz",
"8e5a3c88-35f5-4620-86d7-53c014a2687b.htseq.counts.gz",
"8e884e57-d4c4-4b44-a7a3-76bc9694388f.htseq.counts.gz",
"8eb08ef8-aaf4-4a18-b9f0-78540f02a8b7.htseq.counts.gz",
"8ef08961-b69c-481b-ba38-205bff347775.htseq.counts.gz",
"8f446b76-1d90-4ae6-9f05-db1a0e441ce0.htseq.counts.gz",
"8f994f43-e36e-4659-bb8c-ee3f0f91a2f2.htseq.counts.gz",
"8fd4ceba-6ad2-4726-bf8b-f0316640305c.htseq.counts.gz",
"900a1913-f3b7-46ca-88be-c180a5fb5265.htseq.counts.gz",
"9023df26-92cb-4dd9-8f2c-629dfaddd88b.htseq.counts.gz",
"906456e9-96d6-4be0-9d61-73647f6684d9.htseq.counts.gz",
"90c4dd6e-a5cd-44fb-ad0c-8a27d88429c5.htseq.counts.gz",
"90d19c5c-f80b-454b-b776-99d13f01617e.htseq.counts.gz",
"915d5363-e343-4154-86cb-dbef1a586192.htseq.counts.gz",
"91d53a9c-726f-4611-a284-d2b4d659fdd5.htseq.counts.gz",
"91f35d16-88fd-4729-b4a8-09d26f20ad86.htseq.counts.gz",
"920f661a-0613-4c80-8a42-65c7a0c32337.htseq.counts.gz",
"9221965b-27b8-410e-bf2c-32f9318d0514.htseq.counts.gz",
"92891ee4-51a0-4e4d-b6db-70fbb2a756bc.htseq.counts.gz",
"92d61df7-5fb6-440d-8a44-fcc1f51c2aee.htseq.counts.gz",
"9348d9ac-3c90-433e-b5f4-92a7c1287bed.htseq.counts.gz",
"9350b57b-9f7b-43c6-a42b-9ddae857af0a.htseq.counts.gz",
"938f73df-ebb5-4905-926d-e609a601d9b5.htseq.counts.gz",
"93904035-e387-47e3-90f0-ea0d5f726dac.htseq.counts.gz",
"93c46e63-3686-4883-a9de-7606ddfc11f0.htseq.counts.gz",
"9410727e-c872-4d2b-bba9-1f63c73b6908.htseq.counts.gz",
"943f8d82-d39d-4621-a357-6ff69e85a6bf.htseq.counts.gz",
"944b1e8d-7219-40a4-ab27-385192062cbf.htseq.counts.gz",
"94719fc5-6ae9-410a-a15b-49ffe3753d2d.htseq.counts.gz",
"94bedc10-62c2-4bd2-bad9-0ec08c9bf5e9.htseq.counts.gz",
"94dcaa51-315e-43d9-875c-4c4ae2e9bef3.htseq.counts.gz",
"95041603-df86-48f7-9ba5-8289883df2d0.htseq.counts.gz",
"953d264d-847c-4c4d-b29b-727bf1d6f520.htseq.counts.gz",
"95b8a790-8600-489c-bd34-09803ca600ae.htseq.counts.gz",
"95bae25e-21b8-4b27-a2da-f6ab696f674a.htseq.counts.gz",
"95c75be7-d55d-4d74-9179-9be223230a5b.htseq.counts.gz",
"95c9a871-c81b-4a30-92a4-9227a0058553.htseq.counts.gz",
"95e7a64b-f228-4d19-8e57-a02adde8d01d.htseq.counts.gz",
"95e7cabf-16bf-43b8-9478-84ef60df13dd.htseq.counts.gz",
"95ffbe8d-1a65-48ca-a3f4-ce05a5fd5201.htseq.counts.gz",
"96833a09-14ce-4483-b17d-f4328e0b68f5.htseq.counts.gz",
"9683e884-734f-4487-97e6-5ada5e3d3ebc.htseq.counts.gz",
"968ba83a-fbf6-45ca-b8a9-6543b30be443.htseq.counts.gz",
"96b44e28-67a2-4781-a85b-c82fe528157d.htseq.counts.gz",
"97745843-751b-4437-82e0-31ed8c323e91.htseq.counts.gz",
"97b56126-ffac-494c-ba64-ab43307b3e6d.htseq.counts.gz",
"97be5457-526d-42ee-ace4-d900b8c6fd5f.htseq.counts.gz",
"97f034ef-f311-475c-9d91-d6b639840ea7.htseq.counts.gz",
"981c01e0-2914-46db-b3b1-906bda5d7382.htseq.counts.gz",
"9838a921-f1fc-434a-abe3-d396e32c32b5.htseq.counts.gz",
"98591c77-f3ae-47ba-94ea-a15cff8a2102.htseq.counts.gz",
"985e098e-2c19-41ff-9f7c-2a375b269698.htseq.counts.gz",
"987f148b-b2ba-4d97-a09a-20487b27051c.htseq.counts.gz",
"98da76dd-0fb5-4313-a277-a122c205e843.htseq.counts.gz",
"98f9dbc0-5a0b-4a9a-b11e-e95ff9ff4497.htseq.counts.gz",
"98fca957-e5a5-42e6-80f3-0711363b4c4c.htseq.counts.gz",
"99059480-b9f1-4b89-840c-439e42d8f42c.htseq.counts.gz",
"995dbed7-f7be-48fc-be3f-6d24f6639b70.htseq.counts.gz",
"996000bc-080d-4559-80bf-c5059838622a.htseq.counts.gz",
"996415ad-eec3-4712-a0c7-e099ff6df33b.htseq.counts.gz",
"998523c5-4a3d-4e63-8e3e-bdd0ac9cda0f.htseq.counts.gz",
"999edb9e-8a45-4115-84d5-fca75dcfa639.htseq.counts.gz",
"99b36a99-25c3-4ce9-9c0f-bbbdedbd31f6.htseq.counts.gz",
"99c7b545-c90e-407f-9086-0ef8e108f973.htseq.counts.gz",
"9a005671-3d16-429c-a08f-c66c40d1d663.htseq.counts.gz",
"9ad28472-32f0-4cb5-ba51-17d3e75fe85d.htseq.counts.gz",
"9ae1330c-a197-416a-9d5f-3ca16b36ec90.htseq.counts.gz",
"9b13b9bb-b184-42ed-80dd-2d9b90da17ba.htseq.counts.gz",
"9b4a8702-e00c-4a28-9e56-5a32bf3313af.htseq.counts.gz",
"9b529e72-7a69-4843-828c-f6ad6d1ee99b.htseq.counts.gz",
"9b6df35c-cc33-4935-b321-537e0fd29f37.htseq.counts.gz",
"9bb09b83-b276-4402-a02e-3c0c6e054e18.htseq.counts.gz",
"9bfd1930-f3c9-48f2-8b02-4d01b70b4ea0.htseq.counts.gz",
"9c407021-6996-4654-9103-c4ae5d65ca9d.htseq.counts.gz",
"9c67b11d-1bac-446f-8bd7-ca34b7bc2ad6.htseq.counts.gz",
"9cc0c202-2c59-4b3b-98d4-b79f61906879.htseq.counts.gz",
"9ce4048c-b607-4677-b874-647e9c29785d.htseq.counts.gz",
"9d52a72f-06cb-4a2d-8aca-63ca74cbde70.htseq.counts.gz",
"9d92a96c-a177-469d-b306-5f53aa2fa634.htseq.counts.gz",
"9db4e7bf-c6e2-4774-bf72-7092224aa5bf.htseq.counts.gz",
"9e5fc005-e1de-4b0f-ac72-085dbc6d1189.htseq.counts.gz",
"9e62a3e2-20f0-4de4-aec0-317369ce4798.htseq.counts.gz",
"9ed9fdc8-a437-4f4b-8ef8-e3f0c219baca.htseq.counts.gz",
"9f0897a4-db0c-43f8-9d75-8debe9b6c847.htseq.counts.gz",
"9f0d673f-ff69-4d01-910c-f04921b538a2.htseq.counts.gz",
"9f29fd2f-3231-419c-b7d5-dba6457e523d.htseq.counts.gz",
"9f90bbb9-173f-4dad-a5d2-0e07a7481099.htseq.counts.gz",
"9f9209c4-5e84-4efa-9fcc-60766c36e082.htseq.counts.gz",
"9fe16c01-88f8-410c-b412-fe0067b10aaa.htseq.counts.gz",
"a09e07b7-9834-465a-8e85-0cec02fc1881.htseq.counts.gz",
"a0c5137f-e9b4-413c-a0b3-96c2c11e68f2.htseq.counts.gz",
"a1218099-ef29-4229-a2ca-e4f69287f31a.htseq.counts.gz",
"a148bcd0-e03e-4d86-a0b3-668cad2a9312.htseq.counts.gz",
"a18f26c8-9497-4824-a5ba-7b192f4ca987.htseq.counts.gz",
"a19e31ff-1afa-4e25-8c79-28b922052ff2.htseq.counts.gz",
"a1e80ada-950c-439a-a360-f99c02ccec93.htseq.counts.gz",
"a1f64771-b573-4ae0-aa9e-9eb9dc4409b0.htseq.counts.gz",
"a2233404-f380-4bd6-8770-0d4ba8998fd9.htseq.counts.gz",
"a32c6a56-997e-46b6-8da9-fcfe24aafc08.htseq.counts.gz",
"a33029dd-b5fa-4be0-9cbf-971d289146dd.htseq.counts.gz",
"a3884915-b232-4c1f-b87a-d0a196ae7aeb.htseq.counts.gz",
"a3b9677e-a154-41f1-857c-4cd5244b77c3.htseq.counts.gz",
"a3bba70b-6661-4bec-bcf0-053da7aa61f9.htseq.counts.gz",
"a44f0621-899c-4aee-bca7-902147d6876b.htseq.counts.gz",
"a49d3393-5854-4181-95d5-47d587f7009b.htseq.counts.gz",
"a4c7b6e8-ed30-42b2-9daa-0cf0b9d59259.htseq.counts.gz",
"a4cc111b-f49a-4aea-91ed-10e31c60d522.htseq.counts.gz",
"a503f57e-f9cc-405b-b68c-9c3b205e106f.htseq.counts.gz",
"a526094a-eada-4f8e-a73a-12761c1f25b3.htseq.counts.gz",
"a586e45b-1f76-4aac-9e12-a7302ebe4217.htseq.counts.gz",
"a5be0ae4-accd-4fa5-84b7-fa8377054755.htseq.counts.gz",
"a5dc521e-bee4-489c-8679-d4b90a327d33.htseq.counts.gz",
"a5de7a1d-cbce-4e2f-99bd-9b72e9f9405a.htseq.counts.gz",
"a60ed4b8-a041-4b38-b961-fc976b254702.htseq.counts.gz",
"a62f2229-21de-4876-9735-062659ccdcbf.htseq.counts.gz",
"a6c37f79-63ef-47b6-8709-94ce7b88a1a8.htseq.counts.gz",
"a6f657a3-439e-4afd-be04-413f2ed02828.htseq.counts.gz",
"a720c6bf-6365-4e4b-8761-f5e1097fa711.htseq.counts.gz",
"a7450ed6-711e-4879-b87d-68caabaee840.htseq.counts.gz",
"a763a168-2e72-45e5-a96f-387a4825e84e.htseq.counts.gz",
"a8a58442-78f5-4876-b25e-c04339eb6f26.htseq.counts.gz",
"a8c7988b-3063-45b8-8ecd-5f8f91e9954d.htseq.counts.gz",
"a8e5861f-e86c-473d-8ff7-5630532b3c61.htseq.counts.gz",
"a963531e-49d4-41c6-b19a-ba5b94b8af94.htseq.counts.gz",
"a9f75c82-3489-4b20-bf60-59fe5ef83f21.htseq.counts.gz",
"aa08f8f5-e41d-4987-aa65-5cfe5fedeb1b.htseq.counts.gz",
"aa256c1a-55a8-43b1-a553-26444a950087.htseq.counts.gz",
"aa42dd76-efb1-4fb7-9922-cf54540844e7.htseq.counts.gz",
"aa47670a-4c3f-468a-b2d3-9d7b1d60845e.htseq.counts.gz",
"aa623193-428e-41b8-b051-2d9693d852f8.htseq.counts.gz",
"aa96ddcb-cfd6-4696-9669-d10ca5bcac82.htseq.counts.gz",
"aab22bf4-8c7f-46b5-8170-844f24a65522.htseq.counts.gz",
"aacd6622-4f35-4a5b-8c57-be7f37bba2ed.htseq.counts.gz",
"aae31d67-6d6a-4150-be3f-67d98b16abbc.htseq.counts.gz",
"aaec9256-9b45-4208-8eed-29e590c34c09.htseq.counts.gz",
"ab1f0023-6b52-41b6-9867-87599e4d6d60.htseq.counts.gz",
"ab2d5a3d-4253-4c80-bfe6-0d8ffe163140.htseq.counts.gz",
"ab322811-e8fb-41c5-8437-d774fea552e1.htseq.counts.gz",
"abd58426-924c-47c2-99f3-102e93a3d341.htseq.counts.gz",
"acf02cd5-270d-40c0-864d-abebe048f309.htseq.counts.gz",
"ad1b1ba2-a050-4d62-9e44-4dda1b68aa2e.htseq.counts.gz",
"ad2fae5f-ac5e-466a-9aef-8bd77ba15961.htseq.counts.gz",
"ad6b6702-a1f1-4b1c-bd8a-8e2128c63a49.htseq.counts.gz",
"ad778372-ad13-4d11-ac15-900de7d9637a.htseq.counts.gz",
"ae53b898-c61d-4137-824a-104a4202299c.htseq.counts.gz",
"aee34477-7bfd-46c3-88a8-f3e7338a8444.htseq.counts.gz",
"afc8bf99-83de-4e3b-a390-122fd7d152e2.htseq.counts.gz",
"afe5f01a-b3c1-4d24-94cf-27ec0894e308.htseq.counts.gz",
"b02d1d2d-13e3-4246-ba2f-ae22d934c776.htseq.counts.gz",
"b033c85a-2395-4ced-a84d-ac1fbce674bf.htseq.counts.gz",
"b04f40b6-106f-4984-9bea-9c8664200098.htseq.counts.gz",
"b06fbfec-fe8f-400a-b5be-664ac3958de4.htseq.counts.gz",
"b0ae2bb5-9b1b-47a3-abc7-76c02bf8a229.htseq.counts.gz",
"b140b49a-5eb6-4272-a534-ab9a3685b87e.htseq.counts.gz",
"b2544700-678b-4daa-841c-bf401896da1b.htseq.counts.gz",
"b2a6c9e3-65eb-43bd-849a-5829007379ab.htseq.counts.gz",
"b33cca42-eff2-412d-a35b-9b35379f2997.htseq.counts.gz",
"b39d696e-8048-41d1-a849-4cccdaf54d06.htseq.counts.gz",
"b3ae3d7d-e056-444a-8d27-39faa849ae37.htseq.counts.gz",
"b3b6981a-b5db-481c-bc27-76a114856b03.htseq.counts.gz",
"b3f7a18b-19ff-4b72-a3c1-9d1a0f89ecd4.htseq.counts.gz",
"b40a318f-fc61-49e5-ab41-c2e41510a12c.htseq.counts.gz",
"b4100ce6-2507-4ba9-a3d4-b47810c9ba99.htseq.counts.gz",
"b4106436-0adf-4e37-b006-189aec892562.htseq.counts.gz",
"b41174a5-4db8-438c-a9fa-6da8c08a9c75.htseq.counts.gz",
"b4219e05-aeeb-430d-9310-e6f1541e5ef1.htseq.counts.gz",
"b44cdb13-1812-4bf6-825e-edae5bc5376a.htseq.counts.gz",
"b4824c2d-fed2-4fad-bf6f-797119546006.htseq.counts.gz",
"b493310b-77e6-43fb-96cd-ab56d12de273.htseq.counts.gz",
"b5086d62-fa3b-41ad-b0dc-e7c45b726bf7.htseq.counts.gz",
"b50bf6cf-8540-4fdf-9745-973f1c546f77.htseq.counts.gz",
"b52e7b94-7fcc-4e31-ade1-0898a418598a.htseq.counts.gz",
"b5b60d8b-1977-4b67-8b23-63ca508027b0.htseq.counts.gz",
"b5dc51e7-76d4-480f-bc2f-a0fc74947c35.htseq.counts.gz",
"b64a6c9f-29af-4af8-a4cc-045a03354fac.htseq.counts.gz",
"b667a6ae-353f-4045-a442-a4320231ed73.htseq.counts.gz",
"b69ae69d-885b-487a-af7a-1a096f2726a2.htseq.counts.gz",
"b6a39fab-afc2-4498-bb4c-95adeb388c6f.htseq.counts.gz",
"b6b2e280-f8b7-4689-84cb-d3733bb083eb.htseq.counts.gz",
"b71a52ae-68fb-47c3-89da-24a42e947a8c.htseq.counts.gz",
"b73518ee-287c-4130-9da2-61772aa195fc.htseq.counts.gz",
"b76eefac-da30-4ee4-9670-4afc45f86b4b.htseq.counts.gz",
"b7d3f454-f36e-4ad0-bb40-8728ca3b240d.htseq.counts.gz",
"b8001d68-74fb-46a4-b0c5-388387479685.htseq.counts.gz",
"b8dffd2d-f096-48d2-bf27-1e8c0ae526de.htseq.counts.gz",
"b8e564b0-affd-4137-a10c-be4fe254a905.htseq.counts.gz",
"b938ae4d-f9cc-42d2-bcf4-5dc14e8fb372.htseq.counts.gz",
"b95cd925-a039-4c0f-b587-4bd4acf03e1f.htseq.counts.gz",
"b98a0c48-8404-47bd-a781-22dfc6c1475a.htseq.counts.gz",
"b9e7b7b5-54e8-4459-8a21-ea3472b013d7.htseq.counts.gz",
"ba08bef5-b401-4327-8923-bd5cfe44bb11.htseq.counts.gz",
"ba2c3d6c-cca9-4de1-b307-9baec3930c1b.htseq.counts.gz",
"ba44ceca-a2fe-4731-b322-4377c80a79df.htseq.counts.gz",
"ba65f95e-4a58-4378-925b-60f864c4f5de.htseq.counts.gz",
"baa3cdc1-1ee8-4aab-80f9-dafa35cc5fbf.htseq.counts.gz",
"bab0168d-a91c-4977-a3bc-6958a0e49473.htseq.counts.gz",
"bb12bb45-2c4a-46dc-98dd-9acbe2a0c4ee.htseq.counts.gz",
"bb3e9961-3505-41e8-9d11-7f511c2d9cb1.htseq.counts.gz",
"bb61735e-8207-42e2-95bb-3d2c8001595c.htseq.counts.gz",
"bb804a2f-24b2-46f0-9407-7eda83120066.htseq.counts.gz",
"bbf9a30d-3067-491b-9aea-0cb9bed91969.htseq.counts.gz",
"bc4753f9-5ca7-4bc8-b25a-622e1a4cdf5d.htseq.counts.gz",
"bc6d88b7-1139-4be5-a1c5-7dab273b0997.htseq.counts.gz",
"bc7f010c-02d8-4cde-ac36-f11eb5d0042b.htseq.counts.gz",
"bcae978c-e9b1-4c7a-8691-caf718db5b3a.htseq.counts.gz",
"bceffa81-996d-4775-a452-23b31a25daf9.htseq.counts.gz",
"bcf137e8-156d-4609-8b1b-9a9b379aa2ce.htseq.counts.gz",
"bd3834fb-9a9b-4a7b-880f-b4073f51bd31.htseq.counts.gz",
"bd556315-a050-465f-9a41-bdebe7e3eb61.htseq.counts.gz",
"bd7bf37d-b076-4e82-bc73-83454dba8ff1.htseq.counts.gz",
"bdc7d527-3905-4905-b245-b282883ea3a6.htseq.counts.gz",
"bdceb6c5-77d1-43e6-9046-1340502c2a60.htseq.counts.gz",
"bdd8c340-250b-474a-8802-7653b7884ced.htseq.counts.gz",
"be0d2e41-7373-4fa9-9c05-877e9ddcb88c.htseq.counts.gz",
"be43daa7-9c1e-4721-9f25-3131e81fd25d.htseq.counts.gz",
"be56acd5-8a0c-4891-9501-d386a4e2ccad.htseq.counts.gz",
"be5ceb98-a493-4cad-8bab-281342dea3d0.htseq.counts.gz",
"be6d9906-45f4-4e32-83d0-327fa8c21666.htseq.counts.gz",
"be8c6402-fb97-4c31-8a18-a5b4783a1726.htseq.counts.gz",
"bef64f1a-1c0b-4615-bbbf-9faa7b0a03c8.htseq.counts.gz",
"bf247059-bf60-4e1f-a865-6e715e2db9a2.htseq.counts.gz",
"bf78430f-6c70-4e76-ade6-a434e0770d5f.htseq.counts.gz",
"bf9e1674-9f2c-4014-808a-1f3f7544e9df.htseq.counts.gz",
"bfe796aa-7f29-49d2-a72f-79a9acf12365.htseq.counts.gz",
"c0055307-e827-4621-82ff-9702ae53df10.htseq.counts.gz",
"c04e8467-956e-4daa-a1eb-dec235aa58e0.htseq.counts.gz",
"c0838214-75ee-4668-85fe-4247b8e5ea1c.htseq.counts.gz",
"c09b211e-fb38-415d-bca4-487c9844ca39.htseq.counts.gz",
"c0a8b0f3-7a09-4be4-ae22-a00df281b783.htseq.counts.gz",
"c0ad23b6-ecc7-4756-a37e-bf3439b4cc3d.htseq.counts.gz",
"c0b05393-e154-459d-a17a-9e03d404ae6e.htseq.counts.gz",
"c14ae3ed-5d43-452c-8955-631a8c62660d.htseq.counts.gz",
"c14af0e0-81e9-43e7-b08d-b751194e35ef.htseq.counts.gz",
"c1c1111e-858a-438e-8bb6-90df4defcede.htseq.counts.gz",
"c1c978e4-95c1-4d48-9f83-b290656f1995.htseq.counts.gz",
"c1efb56c-bcb2-4f9d-a291-b2c05217de2a.htseq.counts.gz",
"c1f0e689-1d11-4f7d-8386-616efe367e52.htseq.counts.gz",
"c22879b5-4183-4c3c-804b-f6cef1df617e.htseq.counts.gz",
"c32272b5-a619-4d25-bf35-71835715a159.htseq.counts.gz",
"c3351663-44fc-40a7-b557-850a084648d9.htseq.counts.gz",
"c3ddaaea-9c84-4595-9c6e-e006f6d73dee.htseq.counts.gz",
"c42cc842-bd51-456c-bb5f-f900c8223dae.htseq.counts.gz",
"c443bbe4-b053-47fa-a7a9-97457e44e2a0.htseq.counts.gz",
"c4489317-3e8a-4159-b32b-4cfde723359a.htseq.counts.gz",
"c45fe186-f0ba-4017-a8f6-a511c1b000eb.htseq.counts.gz",
"c510d4d9-eacd-4b95-aa07-79609c898306.htseq.counts.gz",
"c5375772-6f28-4bf2-bd70-63a8872b7b7c.htseq.counts.gz",
"c56cda8a-0755-4715-9c46-5bc6280a5bf0.htseq.counts.gz",
"c56d7aa2-51fa-485b-94e6-39077c6b72c6.htseq.counts.gz",
"c592e62e-5de0-4c40-8e4c-f56b9546a545.htseq.counts.gz",
"c595d44f-7e4f-4ade-9c9a-87b44ccac393.htseq.counts.gz",
"c5dde43f-eb24-4d24-92ca-932bb79ea7aa.htseq.counts.gz",
"c633bd52-3f48-49b8-bb20-2aad7b910a47.htseq.counts.gz",
"c64c76e7-635c-458e-a032-07775aeb03d9.htseq.counts.gz",
"c6a5effb-1af8-4eab-91cc-9de7780d6249.htseq.counts.gz",
"c6bcced6-eb76-43f3-963a-967f1cbfec38.htseq.counts.gz",
"c6e9cad6-fa27-439a-a5eb-eab1bc1c6a71.htseq.counts.gz",
"c7169e06-bce9-4524-ab91-84c24205814c.htseq.counts.gz",
"c71784ba-45ac-4377-b098-0a0e5ba6d58c.htseq.counts.gz",
"c758cf60-68bc-4154-9d43-44339da29889.htseq.counts.gz",
"c77a24cf-b389-4c74-8477-792a1529b1fb.htseq.counts.gz",
"c7944a7a-c074-43fd-b736-8414bc86467c.htseq.counts.gz",
"c7e9dae6-ed90-4736-8f84-387550fb8bff.htseq.counts.gz",
"c8c58445-3c7f-4c98-85b0-6a707c3d8473.htseq.counts.gz",
"c8f22456-214f-4648-bf99-c2addece6502.htseq.counts.gz",
"c909a75f-23e8-4c96-82f2-72e46fdb8155.htseq.counts.gz",
"c91683f2-3388-434b-8207-c9b68ffc977d.htseq.counts.gz",
"c9719194-63d1-4e32-8ce4-7f0a62319025.htseq.counts.gz",
"c98b8334-836a-4c3c-b149-b08a7256aa68.htseq.counts.gz",
"c9b778fa-3a42-4447-8788-efa1dec49899.htseq.counts.gz",
"c9be46f4-2800-4c95-9d0b-4d221dedde19.htseq.counts.gz",
"ca223822-8759-42a7-8058-ccd90a02320f.htseq.counts.gz",
"ca45d175-81b4-430e-bf28-e51c591b3683.htseq.counts.gz",
"ca5d0721-99cf-4b7c-b708-6acea2ae86bd.htseq.counts.gz",
"ca75ae4d-3d90-46d7-9544-fd71dd6c87b2.htseq.counts.gz",
"cadaaf79-d226-4eb9-a4ef-64cda5a1fe3e.htseq.counts.gz",
"cafa9291-b00f-4ca4-b8e1-7352c5d885b2.htseq.counts.gz",
"cbf61237-f5ba-4fa0-97be-e79e8e75a887.htseq.counts.gz",
"cc233ff9-d5fb-4e9b-9007-f58d008df995.htseq.counts.gz",
"cc50f15c-1da3-4fb9-83a2-a89057c96bf8.htseq.counts.gz",
"cc55afdc-78e2-48c5-b1ac-386033852bca.htseq.counts.gz",
"cc74a8c4-ef47-4199-be75-ab9480945cb7.htseq.counts.gz",
"ccd1ad3e-4220-41ff-b3a8-bead01b1eaf8.htseq.counts.gz",
"ccdbc757-4bf2-4132-bc03-dced7d6c2c71.htseq.counts.gz",
"cd052da2-9e32-4881-87c0-5e66cdc6f5f7.htseq.counts.gz",
"ce137517-0320-46dd-b4e0-82c02773ba97.htseq.counts.gz",
"ce40da7e-5408-4ecb-84e1-059dc054f38d.htseq.counts.gz",
"ce85344b-0f16-4f96-b8da-af518e2adc71.htseq.counts.gz",
"ceefc80a-4852-44aa-a234-26d0e5062c5f.htseq.counts.gz",
"cf169f96-4fcd-4cc7-bea7-97a9a259b78a.htseq.counts.gz",
"cf1a1478-68c1-431b-86cb-c4ddb105accf.htseq.counts.gz",
"cf4d50b3-f391-43ee-8887-10de9bca126e.htseq.counts.gz",
"cf52b0c5-b1b7-4f0a-b5a1-f1924b39046f.htseq.counts.gz",
"cf5790d4-7c94-4b99-9c84-1174a277cefd.htseq.counts.gz",
"cf7e72eb-b82f-44c8-894c-3995571ffe81.htseq.counts.gz",
"d09f7126-4c4b-4f95-918c-b12b5ca080e3.htseq.counts.gz",
"d1245d77-44fd-4238-82ce-b52bc519a24a.htseq.counts.gz",
"d229a59b-4f6c-4714-8dd5-1c714a764b22.htseq.counts.gz",
"d2ba49d2-5207-495c-97b3-d70ebef30c7d.htseq.counts.gz",
"d2fc363b-c14b-441f-9ec6-2a40820d85ab.htseq.counts.gz",
"d3c28191-633f-4e3b-b22d-d5cd4d8686fa.htseq.counts.gz",
"d464fbfd-a937-41d5-ae6c-e4ad47b25c07.htseq.counts.gz",
"d4675ebb-2444-4e2f-ade2-5c5af9882399.htseq.counts.gz",
"d487c477-1052-4b32-8df9-edf0e6872bd4.htseq.counts.gz",
"d4924657-2b67-4083-8190-bd4c15534066.htseq.counts.gz",
"d4d6abaa-9134-42ac-9adf-2045f747abb4.htseq.counts.gz",
"d5639603-bb2f-4385-b769-c1a48e44ec43.htseq.counts.gz",
"d578e27f-537c-4aaa-8903-6ffe68346276.htseq.counts.gz",
"d5887901-f651-47bf-a6e3-6656e48588c9.htseq.counts.gz",
"d6238304-f96f-40ab-8d2c-d426a5e1ecf0.htseq.counts.gz",
"d63d0968-a63b-4d2e-96e2-9ba2129d8288.htseq.counts.gz",
"d65401e7-2bde-4b7e-b901-c173dd3cd33d.htseq.counts.gz",
"d65ba1da-680e-424f-a82c-e50eba2e64b7.htseq.counts.gz",
"d6608d24-28bc-4d51-b6d8-8fec450a858f.htseq.counts.gz",
"d6b9e128-8f20-43a1-9d16-b3e2b3d60e34.htseq.counts.gz",
"d6bbcaba-61a7-4360-bc15-1426f8eafa82.htseq.counts.gz",
"d6db49d6-d27c-412a-872e-2a53f9d2167c.htseq.counts.gz",
"d6f019d0-dca0-48e7-9936-ae27b69a3c57.htseq.counts.gz",
"d70033a1-9000-493f-9474-6e9e3f47b851.htseq.counts.gz",
"d73c2a36-6943-4e5b-a019-d760a38149d2.htseq.counts.gz",
"d7bff2a7-1ffe-495c-b297-3b734b688267.htseq.counts.gz",
"d7cd82fa-6b87-4d9b-af1d-b029dfc1d4bc.htseq.counts.gz",
"d806b4fb-807b-4d66-b17f-c2e381675e4f.htseq.counts.gz",
"d827a931-364f-4e8f-8a50-d600f619be5f.htseq.counts.gz",
"d86c50f3-0eed-43e3-b089-2145c75ce7d0.htseq.counts.gz",
"d8a60f70-c2fa-4a98-8481-177dcd94b4dd.htseq.counts.gz",
"d8fea32d-3ef0-4d7b-8b3e-7619ec2ad987.htseq.counts.gz",
"d952c1a5-7755-4702-9f65-3ebc2edbb057.htseq.counts.gz",
"d998e259-4ea6-428d-8c47-4bc4656dbaa7.htseq.counts.gz",
"d9b4ed1e-39fe-4378-a9f8-f5f74a284c57.htseq.counts.gz",
"da74b34f-43a7-4aec-ad11-2f87ebd56530.htseq.counts.gz",
"da8cb4c3-4599-41d8-9f1e-6854d9996435.htseq.counts.gz",
"daee50d2-e281-4cbc-ae7b-c52460f4920a.htseq.counts.gz",
"db03f5de-67a4-4503-9742-2ec13cd94ab7.htseq.counts.gz",
"db106f15-9af2-4808-ab7b-d1ebb66a2954.htseq.counts.gz",
"dbb50b30-9856-4a56-91e1-d31ad106fd48.htseq.counts.gz",
"dc322491-2407-401e-a422-96be40d6518f.htseq.counts.gz",
"dcaf948d-c02a-4b7b-913b-e91c74b7641c.htseq.counts.gz",
"dcca8e16-a1d4-48c3-a87a-f409c86104f1.htseq.counts.gz",
"dd538c2f-a55d-4f4c-a83a-1507bf365403.htseq.counts.gz",
"ddf98c57-1c48-4277-8a49-c74f52141723.htseq.counts.gz",
"de2b023c-ec3f-4440-8f6e-b0ea8e723122.htseq.counts.gz",
"de2ffea0-e172-45e2-aa15-f543758deb78.htseq.counts.gz",
"de3f8e43-3f12-4905-ae6e-922d4147ee99.htseq.counts.gz",
"de704076-e915-4749-9729-e6ee06a0d359.htseq.counts.gz",
"dea7fd8b-f6c6-4208-861f-0da8c0808074.htseq.counts.gz",
"deaa56c1-8031-4c65-b3bc-1228407e06ea.htseq.counts.gz",
"df706741-6d56-4953-8d15-ef916d73848a.htseq.counts.gz",
"dfd9671e-62eb-41d1-9bf3-0f1cb5d52f03.htseq.counts.gz",
"dfe06359-c16a-4959-bb04-298f18474a17.htseq.counts.gz",
"dff9d818-892a-4695-b04b-857906906d26.htseq.counts.gz",
"e023c283-afcf-4334-b741-3dce8e98b0f6.htseq.counts.gz",
"e091bf28-5002-48ff-93df-3030c0942b3a.htseq.counts.gz",
"e1353694-9f60-442a-a164-5b2aca82419a.htseq.counts.gz",
"e14e717e-76d5-4474-a3ad-b902f7c157bf.htseq.counts.gz",
"e152cfff-98ed-4984-8ca4-92e2f5c6ef4b.htseq.counts.gz",
"e1557786-4586-409f-9c5a-a559535f0aa0.htseq.counts.gz",
"e17180f8-d562-485f-ae60-8ae37e898099.htseq.counts.gz",
"e1877a07-b5ec-4ada-89cb-525e5abf966a.htseq.counts.gz",
"e1b5d397-c4e0-4f6a-8ee2-7224a7195223.htseq.counts.gz",
"e1f960fc-6efa-4492-9f44-8e645ec8bfc2.htseq.counts.gz",
"e26f2b4a-ca55-4a0c-b8e7-4f1e21aa6dae.htseq.counts.gz",
"e29ce54a-49a1-47a8-82fd-7687cec0d1bb.htseq.counts.gz",
"e2c8d95e-1e56-4b01-a818-7eccc0059d6e.htseq.counts.gz",
"e3067466-096f-4bea-993f-b0469a7e11e3.htseq.counts.gz",
"e30e547e-eeff-4a1f-829b-b6ec9e79f02a.htseq.counts.gz",
"e3a6fb76-0374-4823-91ec-7caaad95f1b9.htseq.counts.gz",
"e4544c39-bf5a-4f95-8853-6a59eae4c262.htseq.counts.gz",
"e457f8f6-fe2c-4314-a831-c9aa095d4bc7.htseq.counts.gz",
"e4698729-7951-474d-b2d2-d0fbf6d5793f.htseq.counts.gz",
"e4b48aa4-4fc3-48b6-9f65-01e99fc85608.htseq.counts.gz",
"e4e0ed55-a9f4-4978-9aa5-7a6f892ebb53.htseq.counts.gz",
"e512f861-c59f-4272-b528-7424a882c795.htseq.counts.gz",
"e53f1c7e-2846-491a-9517-7215f4af2f74.htseq.counts.gz",
"e54638eb-8b35-4cf1-af4e-3411dfbd1ba2.htseq.counts.gz",
"e5661a4c-e183-4935-8536-93c4949e793e.htseq.counts.gz",
"e58d8f68-0808-4a7b-b6b5-65d90c82875d.htseq.counts.gz",
"e5ab04dc-af44-4a07-ad5c-d3845c91d7ef.htseq.counts.gz",
"e5cb3591-f0c2-4630-be79-aaaf125fe720.htseq.counts.gz",
"e608cde5-d4c9-4972-8c69-8bc04e6ded95.htseq.counts.gz",
"e6981360-42ea-402a-aead-f6f2b31ef30c.htseq.counts.gz",
"e6bec4f4-0b51-43ba-b62b-5af777712488.htseq.counts.gz",
"e70fb08e-1239-4035-874e-64dbb3ac0e3d.htseq.counts.gz",
"e7132b1c-b839-46ac-80ab-989ceeb3c157.htseq.counts.gz",
"e733093b-8a60-46d7-9ddd-ec8a82206126.htseq.counts.gz",
"e740e34f-31fe-4fe4-8965-4e9ec5ec50fd.htseq.counts.gz",
"e7c738b7-08e2-4616-abcb-173382854dbc.htseq.counts.gz",
"e7d40080-17f9-4d2c-a5dd-33ac2fb61f31.htseq.counts.gz",
"e7dd2f36-adee-4be2-ae3c-39d7664055e2.htseq.counts.gz",
"e7f4d11c-520d-4682-aa1b-5cf821a49c2c.htseq.counts.gz",
"e8201ee9-2e0a-4a8e-bc99-6e2482da919d.htseq.counts.gz",
"e87558c3-8f26-480e-853c-2e8ec6f39aca.htseq.counts.gz",
"e8816445-8476-4bdd-8f13-bb7f6d755b93.htseq.counts.gz",
"e8ba3864-1068-4ff8-9a11-01f37ad6dc81.htseq.counts.gz",
"e8f5bbce-2f4b-4e79-a746-c374ffc57037.htseq.counts.gz",
"e9422605-b2da-42b0-aa64-a98472834140.htseq.counts.gz",
"e9cbd268-573f-41fc-9f17-d25e1d1c9759.htseq.counts.gz",
"e9dd15eb-0841-4c8a-a6f1-3285cb1703dc.htseq.counts.gz",
"ea1b4005-545a-4fa3-a3d7-a2dbd1bcc744.htseq.counts.gz",
"ea8498cf-e0d1-4c68-8459-36aeeca9dd53.htseq.counts.gz",
"eaa01a14-f563-4076-8696-9064c9397e6a.htseq.counts.gz",
"eab58571-a6f1-4bc4-aa01-0df9c4beb79f.htseq.counts.gz",
"eaee0d82-cd7e-47a5-859f-59b7bf5ad6a0.htseq.counts.gz",
"eaf65f67-8d04-49ec-8bf6-883237d6e67e.htseq.counts.gz",
"eb5bc3d0-9f66-413f-b6bb-72a5a6b7fde9.htseq.counts.gz",
"ec241da3-82df-46a8-8a54-b1e977ac4834.htseq.counts.gz",
"ec27c2ca-312a-4e06-bc8f-ca8cb085ab3e.htseq.counts.gz",
"ec57a9a3-90f1-4559-a241-d647a9ce37e8.htseq.counts.gz",
"ec592b67-6ffb-417e-be69-f5da01020675.htseq.counts.gz",
"ec631f8b-d227-47f6-988a-c24b0e8e33c2.htseq.counts.gz",
"ec83d8bd-7f42-4be1-aa49-18b436bf7cce.htseq.counts.gz",
"ec9d9157-c6eb-4bbe-acba-c5f45678ac3e.htseq.counts.gz",
"ecefab08-36f5-4a49-9e4d-9e6def0d747e.htseq.counts.gz",
"ecfae4ac-1c9e-403b-8ff2-cff2609a1329.htseq.counts.gz",
"ed4ae015-8f5e-49b5-886d-e8489ca1b013.htseq.counts.gz",
"ed925930-3cf2-4ba7-aa24-1bd7b8faadc4.htseq.counts.gz",
"eda48ba9-aef8-433e-95fe-e94a061906d3.htseq.counts.gz",
"ee05eaa6-eaca-4438-ac1f-4259f525e2a1.htseq.counts.gz",
"ee2002e1-39a4-4d50-9d37-1beea973830e.htseq.counts.gz",
"ee409780-c7aa-455b-a74b-a7f41ce89b26.htseq.counts.gz",
"ee6beadb-79ab-4f2f-87cc-bba566e6bc24.htseq.counts.gz",
"ee7d6b4b-a341-4a9b-9a3a-38526e749cdd.htseq.counts.gz",
"ee7de819-1be1-4028-8e15-7da042502687.htseq.counts.gz",
"eeff4d01-f161-423f-9d6d-d2d31cc69047.htseq.counts.gz",
"ef6406a9-591e-421f-8ed4-0fee40f53ef5.htseq.counts.gz",
"ef647ec0-3322-4dd2-84ca-83bcd786b765.htseq.counts.gz",
"ef9be0f1-2a17-49b9-b90e-2bb2e4f43c84.htseq.counts.gz",
"efab89c4-921c-4b89-9bff-78c1cf10417d.htseq.counts.gz",
"f01c01c8-97d9-4ba6-98cd-4ac9ac85ed82.htseq.counts.gz",
"f02c6de4-67f9-465e-bbc1-3d48ae377313.htseq.counts.gz",
"f0537081-d849-4717-8cf3-eef54655c198.htseq.counts.gz",
"f125d4a1-cb15-4729-9318-433c39c685d7.htseq.counts.gz",
"f12fbfdf-efd4-462a-a34c-8c01947bfb78.htseq.counts.gz",
"f1d5de66-76f3-4911-a877-3571069649a8.htseq.counts.gz",
"f2351cac-aee0-4de6-80eb-d5b886ff6ea0.htseq.counts.gz",
"f288f879-8851-4adb-aff3-90c19dcf8b8c.htseq.counts.gz",
"f2fe0734-ec9d-4c91-9651-4d19d16be53c.htseq.counts.gz",
"f3631c65-b194-4894-85cb-146980e4cb2c.htseq.counts.gz",
"f3763e9c-68bb-4e60-9370-e041428fd5b1.htseq.counts.gz",
"f4274249-5d92-402a-bce2-d28579e87f33.htseq.counts.gz",
"f488d4bd-07b5-4a18-b6e8-982c6303f4a9.htseq.counts.gz",
"f4ff65b1-0c38-4cc3-85ce-52e8a0640446.htseq.counts.gz",
"f5689b4d-3907-40ce-aa31-90508021731a.htseq.counts.gz",
"f5703c0c-00cc-481d-9296-416238a6f42b.htseq.counts.gz",
"f597456d-8d98-457a-99d7-598d321fbdc9.htseq.counts.gz",
"f5a07ef3-d47e-4c6f-8ed4-13c0b03f7673.htseq.counts.gz",
"f5e4c398-d9db-4cd0-bd12-3751a624d377.htseq.counts.gz",
"f60a3faf-0997-4e4a-9fa2-8d49df335fd7.htseq.counts.gz",
"f6170d9d-53fb-478d-b305-ab3fd5c4ecc8.htseq.counts.gz",
"f641a19d-8497-4bc7-9df1-5228adfd5334.htseq.counts.gz",
"f6466e05-5aea-4d32-a97a-c65589f327e2.htseq.counts.gz",
"f6b9d070-6d11-40f3-9ca0-a20779091825.htseq.counts.gz",
"f77842a7-a3c8-4556-b707-0adf1a706895.htseq.counts.gz",
"f790ef4c-71bf-43a7-a610-4006a4c0a42c.htseq.counts.gz",
"f828b2e0-2ad4-4669-9f1e-2ef2dd74706d.htseq.counts.gz",
"f87f2bab-c823-41dc-aac7-75d626ec8200.htseq.counts.gz",
"f8a64fd0-7e9c-4796-988d-607ed07c4c23.htseq.counts.gz",
"f8c2f22d-5254-46c1-9b7d-429e5ac2854e.htseq.counts.gz",
"f8c7886e-59ed-4b72-bf54-72d35bfc5e4f.htseq.counts.gz",
"f8d89988-7ca5-4d3b-91da-ffaca0702f9c.htseq.counts.gz",
"f8e707b4-a897-4f17-a605-30d5be78ae93.htseq.counts.gz",
"f9365670-8213-4263-80aa-1718e6d05dc8.htseq.counts.gz",
"f95c523a-cfb0-4b7e-9a66-48dcf9d24515.htseq.counts.gz",
"f966cb98-e661-453d-b1ae-aacf5876520a.htseq.counts.gz",
"f9787d01-42ae-46a6-b098-9450cff06cf5.htseq.counts.gz",
"f98e4d45-12ea-4ebf-86b0-858de800a057.htseq.counts.gz",
"fa3d5856-e25b-4d4e-94ac-f524dc8a4cf5.htseq.counts.gz",
"fa43e80b-8b46-43d6-aaed-389cc4d535f6.htseq.counts.gz",
"fa49537b-edee-4d4f-823d-b6c574d33900.htseq.counts.gz",
"fa9d8ef2-0fd0-4fd8-8266-e4760b77d103.htseq.counts.gz",
"faa53d6b-5b59-4efa-948a-37217bb04db9.htseq.counts.gz",
"fae9bd48-6621-4fdf-86dd-8555f9695a08.htseq.counts.gz",
"fb13b1f7-2b62-4cd9-8e01-875acc860016.htseq.counts.gz",
"fb425afa-26e0-4867-aa6a-cfe1d9fc668a.htseq.counts.gz",
"fc6344e0-37d2-45dc-843b-02c6ba035f22.htseq.counts.gz",
"fcdaa827-e263-46e0-8a83-206fa5a009ba.htseq.counts.gz",
"fced57a8-570a-4f05-aa10-4e16aa7ecc85.htseq.counts.gz",
"fd168f37-df3d-4cf2-881e-c90c61c95fdb.htseq.counts.gz",
"fd39d52c-5ae1-429c-b85c-96321db417d3.htseq.counts.gz",
"fd3c752c-4a40-4ae9-bfb0-b0315eca3d1d.htseq.counts.gz",
"fd55692a-cd56-459b-8edb-ba83a735e665.htseq.counts.gz",
"fd9be810-7e9e-4697-99b1-70a5c5901e07.htseq.counts.gz",
"fdc8ad41-ba94-485d-8bd6-6ea2794847f2.htseq.counts.gz",
"fe07bbb2-6d46-44b4-8363-1e1b8d648660.htseq.counts.gz",
"fe613719-8ab9-4a9b-9db9-dd5d473d2a1c.htseq.counts.gz",
"fe86fbf3-07cb-4d29-bc2b-58c5fbcd275c.htseq.counts.gz",
"ff1a6ac0-ed5a-4736-8e76-083d33edb720.htseq.counts.gz",
"ff41537c-7cf5-4899-86b0-e1b2a2b7d463.htseq.counts.gz",
"ff850c31-bb15-47a2-bd3d-2590ca013e68.htseq.counts.gz",
"ffd7b10e-8c0c-4aeb-81a0-b060108d57fa.htseq.counts.gz",
